1,1,1,0,0,3,1000,1,1,1000,1,1,1,0,3,1000,1,1,1000,1,1,1,10,0.474373612
1,1,1,0,0,3,1000,1,1,1000,1,1,1,0,3,1000,1,1,1000,1,1,1,10,0.438726258
1,1,1,0,0,3,1000,1,1,1000,1,1,1,0,3,1000,1,1,1000,1,1,1,10,0.435290441
1,1,1,0,0,3,1000,1,1,1000,1,1,1,0,3,1000,1,1,1000,1,1,1,10,0.461053296
1,1,1,0,0,3,1000,1,1,1000,1,1,1,0,3,1000,1,1,1000,1,1,1,10,0.69753917
1,1,1,0,0,3,1000,1,1,1000,1,1,1,0,3,1000,1,1,1000,1,1,1,10,0.504054329
1,1,1,0,0,3,1000,1,1,1000,1,1,1,0,3,1000,1,1,1000,1,1,1,10,0.579710198
1,1,1,0,0,3,1000,1,1,1000,1,1,1,0,3,1000,1,1,1000,1,1,1,10,0.446628424
1,1,1,0,0,3,1000,1,1,1000,1,1,1,0,3,1000,1,1,1000,1,1,1,10,0.451053691
1,1,1,0,0,3,1000,1,1,1000,1,1,1,0,3,1000,1,1,1000,1,1,1,10,0.425011917
1,1,1,0,0,3,1000,1,1,1000,1,1,1,0,3,1000,1,1,1000,1,1,1,10,0.433220957
1,1,1,0,0,3,1000,1,1,1000,1,1,1,0,3,1000,1,1,1000,1,1,1,10,0.425037239
1,1,1,0,0,3,1000,1,1,1000,1,1,1,0,3,1000,1,1,1000,1,1,1,10,0.473680606
1,1,1,0,0,3,1000,1,1,1000,1,1,1,0,3,1000,1,1,1000,1,1,1,10,0.463721438
1,1,1,0,0,3,1000,1,1,1000,1,1,1,0,3,1000,1,1,1000,1,1,1,10,0.446359918
1,1,1,0,0,3,1000,1,1,1000,1,1,1,0,3,1000,1,1,1000,1,1,1,10,0.459289775
1,1,1,0,0,3,1000,1,1,1000,1,1,1,0,3,1000,1,1,1000,1,1,1,10,0.510304431
1,1,1,0,0,3,1000,1,1,1000,1,1,1,0,3,1000,1,1,1000,1,1,1,10,0.82831668
1,1,1,0,0,3,1000,1,1,1000,1,1,1,0,3,1000,1,1,1000,1,1,1,10,0.707071416
1,1,1,0,0,3,1000,1,1,1000,1,1,1,0,3,1000,1,1,1000,1,1,1,10,0.484618473
1,1,1,0,0,3,1000,1,1,1000,1,1,1,0,3,1000,1,1,1000,1,1,1,10,0.464694581
1,1,1,0,0,3,1000,1,1,1000,1,1,1,0,3,1000,1,1,1000,1,1,1,10,0.35093381
1,1,1,0,0,3,1000,1,1,1000,1,1,1,0,3,1000,1,1,1000,1,1,1,10,0.453452259
1,1,1,0,0,3,1000,1,1,1000,1,1,1,0,3,1000,1,1,1000,1,1,1,10,0.423532792
1,1,1,0,0,3,1000,1,1,1000,1,1,1,0,3,1000,1,1,1000,1,1,1,10,0.33661746
1,1,1,0,0,3,1000,1,1,1000,1,1,1,0,3,1000,1,1,1000,1,1,1,10,0.434751469
1,1,1,0,0,3,1000,1,1,1000,1,1,1,0,3,1000,1,1,1000,1,1,1,10,0.451909498
1,1,1,0,0,3,1000,1,1,1000,1,1,1,0,3,1000,1,1,1000,1,1,1,10,0.759939991
1,1,1,0,0,3,1000,1,1,1000,1,1,1,0,3,1000,1,1,1000,1,1,1,10,0.480910879
1,1,1,0,0,3,1000,1,1,1000,1,1,1,0,3,1000,1,1,1000,1,1,1,10,0.712610469
1,1,1,0,0,10,10,1,1,10,1,1,1,0,10,10,1,1,10,1,1,1,10,0.228851102
1,1,1,0,0,1,83,1,1,83,1,1,1,0,1,83,1,1,83,1,1,1,10,0.23166013
1,1,1,0,0,1,83,1,1,83,1,1,1,0,1,83,1,1,83,1,1,1,10,0.249670527
1,1,1,0,0,1,83,1,1,83,1,1,1,0,1,83,1,1,83,1,1,1,10,0.244519961
1,1,1,0,0,1,83,1,1,83,1,1,1,0,1,83,1,1,83,1,1,1,10,0.243924133
1,1,1,0,0,1,83,1,1,83,1,1,1,0,1,83,1,1,83,1,1,1,10,0.279245513
1,1,1,0,0,1,83,1,1,83,1,1,1,0,1,83,1,1,83,1,1,1,10,0.312550803
1,1,1,0,0,1,83,1,1,83,1,1,1,0,1,83,1,1,83,1,1,1,10,0.23539336
1,1,1,0,0,1,83,1,1,83,1,1,1,0,1,83,1,1,83,1,1,1,10,0.063041538
1,1,1,0,0,1,83,1,1,83,1,1,1,0,1,83,1,1,83,1,1,1,10,0.241121975
1,1,1,0,0,1,83,1,1,83,1,1,1,0,1,83,1,1,83,1,1,1,10,0.238170198
1,1,1,0,0,1,83,1,1,83,1,1,1,0,1,83,1,1,83,1,1,1,10,0.20077384
1,1,1,0,0,1,83,1,1,83,1,1,1,0,1,83,1,1,83,1,1,1,10,0.233159459
1,1,1,0,0,1,83,1,1,83,1,1,1,0,1,83,1,1,83,1,1,1,10,0.219279706
1,1,1,0,0,1,83,1,1,83,1,1,1,0,1,83,1,1,83,1,1,1,10,0.245011775
1,1,1,0,0,1,83,1,1,83,1,1,1,0,1,83,1,1,83,1,1,1,10,0.237837771
1,1,1,0,0,1,83,1,1,83,1,1,1,0,1,83,1,1,83,1,1,1,10,0.249953429
1,1,1,0,0,1,83,1,1,83,1,1,1,0,1,83,1,1,83,1,1,1,10,6.031451182
1,1,1,0,0,1,83,1,1,83,1,1,1,0,1,83,1,1,83,1,1,1,10,0.246086561
1,1,1,0,0,1,83,1,1,83,1,1,1,0,1,83,1,1,83,1,1,1,10,0.233924007
1,1,1,0,0,1,83,1,1,83,1,1,1,0,1,83,1,1,83,1,1,1,10,0.252402798
1,1,1,0,0,1,83,1,1,83,1,1,1,0,1,83,1,1,83,1,1,1,10,0.237352318
1,1,1,0,0,1,83,1,1,83,1,1,1,0,1,83,1,1,83,1,1,1,10,0.250943186
1,1,1,0,0,1,83,1,1,83,1,1,1,0,1,83,1,1,83,1,1,1,10,0.212932012
1,1,1,0,0,1,83,1,1,83,1,1,1,0,1,83,1,1,83,1,1,1,10,0.10479983
1,1,1,0,0,1,83,1,1,83,1,1,1,0,1,83,1,1,83,1,1,1,10,0.246714738
1,1,1,0,0,3,1000,1,1,1000,1,1,1,0,3,1000,1,1,1000,1,1,1,20,6.347110546
1,1,1,0,0,3,1000,1,1,1000,1,1,1,0,3,1000,1,1,1000,1,1,1,20,0.633917787
1,1,1,0,0,3,1000,1,1,1000,1,1,1,0,3,1000,1,1,1000,1,1,1,20,0.422006027
1,1,1,0,0,3,1000,1,1,1000,1,1,1,0,3,1000,1,1,1000,1,1,1,20,0.749108635
1,1,1,0,0,3,1000,1,1,1000,1,1,1,0,3,1000,1,1,1000,1,1,1,20,0.626707457
1,1,1,0,0,3,1000,1,1,1000,1,1,1,0,3,1000,1,1,1000,1,1,1,20,0.40140931
1,1,1,0,0,3,1000,1,1,1000,1,1,1,0,3,1000,1,1,1000,1,1,1,20,0.414996588
1,1,1,0,0,3,1000,1,1,1000,1,1,1,0,3,1000,1,1,1000,1,1,1,20,0.444823217
1,1,1,0,0,3,1000,1,1,1000,1,1,1,0,3,1000,1,1,1000,1,1,1,20,0.421273111
1,1,1,0,0,3,1000,1,1,1000,1,1,1,0,3,1000,1,1,1000,1,1,1,20,0.321573584
1,1,1,0,0,3,1000,1,1,1000,1,1,1,0,3,1000,1,1,1000,1,1,1,20,0.419992552
1,1,1,0,0,3,1000,1,1,1000,1,1,1,0,3,1000,1,1,1000,1,1,1,20,0.675513236
1,1,1,0,0,3,1000,1,1,1000,1,1,1,0,3,1000,1,1,1000,1,1,1,20,0.646318165
1,1,1,0,0,3,1000,1,1,1000,1,1,1,0,3,1000,1,1,1000,1,1,1,20,0.40411212
1,1,1,0,0,3,1000,1,1,1000,1,1,1,0,3,1000,1,1,1000,1,1,1,20,0.408397431
1,1,1,0,0,3,1000,1,1,1000,1,1,1,0,3,1000,1,1,1000,1,1,1,20,0.417597355
1,1,1,0,0,3,1000,1,1,1000,1,1,1,0,3,1000,1,1,1000,1,1,1,20,0.650180566
1,1,1,0,0,3,1000,1,1,1000,1,1,1,0,3,1000,1,1,1000,1,1,1,20,0.63731689
1,1,1,0,0,3,1000,1,1,1000,1,1,1,0,3,1000,1,1,1000,1,1,1,20,0.645645527
1,1,1,0,0,3,1000,1,1,1000,1,1,1,0,3,1000,1,1,1000,1,1,1,20,0.443953751
1,1,1,0,0,3,1000,1,1,1000,1,1,1,0,3,1000,1,1,1000,1,1,1,20,0.426138275
1,1,1,0,0,3,1000,1,1,1000,1,1,1,0,3,1000,1,1,1000,1,1,1,20,0.39505756
1,1,1,0,0,3,1000,1,1,1000,1,1,1,0,3,1000,1,1,1000,1,1,1,20,0.629250578
1,1,1,0,0,3,1000,1,1,1000,1,1,1,0,3,1000,1,1,1000,1,1,1,20,0.919718598
1,1,1,0,0,3,1000,1,1,1000,1,1,1,0,3,1000,1,1,1000,1,1,1,20,0.442950218
1,1,1,0,0,3,1000,1,1,1000,1,1,1,0,3,1000,1,1,1000,1,1,1,20,0.420586623
1,1,1,0,0,3,1000,1,1,1000,1,1,1,0,3,1000,1,1,1000,1,1,1,20,0.398891978
1,1,1,0,0,3,1000,1,1,1000,1,1,1,0,3,1000,1,1,1000,1,1,1,20,0.404956148
1,1,1,0,0,3,1000,1,1,1000,1,1,1,0,3,1000,1,1,1000,1,1,1,20,0.422386426
1,1,1,0,0,3,1000,1,1,1000,1,1,1,0,3,1000,1,1,1000,1,1,1,20,0.40779063
1,1,1,0,0,10,10,1,1,10,1,1,1,0,10,10,1,1,10,1,1,1,20,0.211673379
1,1,1,0,0,1,83,1,1,83,1,1,1,0,1,83,1,1,83,1,1,1,20,0.255601775
1,1,1,0,0,1,83,1,1,83,1,1,1,0,1,83,1,1,83,1,1,1,20,0.243648265
1,1,1,0,0,1,83,1,1,83,1,1,1,0,1,83,1,1,83,1,1,1,20,0.222597801
1,1,1,0,0,1,83,1,1,83,1,1,1,0,1,83,1,1,83,1,1,1,20,0.230425382
1,1,1,0,0,1,83,1,1,83,1,1,1,0,1,83,1,1,83,1,1,1,20,0.262759846
1,1,1,0,0,1,83,1,1,83,1,1,1,0,1,83,1,1,83,1,1,1,20,0.239975214
1,1,1,0,0,1,83,1,1,83,1,1,1,0,1,83,1,1,83,1,1,1,20,0.23416294
1,1,1,0,0,1,83,1,1,83,1,1,1,0,1,83,1,1,83,1,1,1,20,0.226418836
1,1,1,0,0,1,83,1,1,83,1,1,1,0,1,83,1,1,83,1,1,1,20,0.204411506
1,1,1,0,0,1,83,1,1,83,1,1,1,0,1,83,1,1,83,1,1,1,20,0.230585059
1,1,1,0,0,1,83,1,1,83,1,1,1,0,1,83,1,1,83,1,1,1,20,0.054712056
1,1,1,0,0,1,83,1,1,83,1,1,1,0,1,83,1,1,83,1,1,1,20,0.24480594
1,1,1,0,0,1,83,1,1,83,1,1,1,0,1,83,1,1,83,1,1,1,20,0.226859727
1,1,1,0,0,1,83,1,1,83,1,1,1,0,1,83,1,1,83,1,1,1,20,0.197492223
1,1,1,0,0,1,83,1,1,83,1,1,1,0,1,83,1,1,83,1,1,1,20,0.239860392
1,1,1,0,0,1,83,1,1,83,1,1,1,0,1,83,1,1,83,1,1,1,20,0.231576404
1,1,1,0,0,1,83,1,1,83,1,1,1,0,1,83,1,1,83,1,1,1,20,0.247111805
1,1,1,0,0,1,83,1,1,83,1,1,1,0,1,83,1,1,83,1,1,1,20,0.25156434
1,1,1,0,0,1,83,1,1,83,1,1,1,0,1,83,1,1,83,1,1,1,20,0.205018524
1,1,1,0,0,1,83,1,1,83,1,1,1,0,1,83,1,1,83,1,1,1,20,0.225840477
1,1,1,0,0,1,83,1,1,83,1,1,1,0,1,83,1,1,83,1,1,1,20,0.191186966
1,1,1,0,0,1,83,1,1,83,1,1,1,0,1,83,1,1,83,1,1,1,20,0.238809041
1,1,1,0,0,1,83,1,1,83,1,1,1,0,1,83,1,1,83,1,1,1,20,0.203613508
1,1,1,0,0,1,83,1,1,83,1,1,1,0,1,83,1,1,83,1,1,1,20,0.226002226
1,1,1,0,0,1,83,1,1,83,1,1,1,0,1,83,1,1,83,1,1,1,20,0.198356744
1,1,1,0,0,3,1000,1,1,1000,1,1,1,0,3,1000,1,1,1000,1,1,1,30,0.411737022
1,1,1,0,0,3,1000,1,1,1000,1,1,1,0,3,1000,1,1,1000,1,1,1,30,0.448274217
1,1,1,0,0,3,1000,1,1,1000,1,1,1,0,3,1000,1,1,1000,1,1,1,30,0.490164594
1,1,1,0,0,3,1000,1,1,1000,1,1,1,0,3,1000,1,1,1000,1,1,1,30,0.422394787
1,1,1,0,0,3,1000,1,1,1000,1,1,1,0,3,1000,1,1,1000,1,1,1,30,0.460698798
1,1,1,0,0,3,1000,1,1,1000,1,1,1,0,3,1000,1,1,1000,1,1,1,30,6.329145288
1,1,1,0,0,3,1000,1,1,1000,1,1,1,0,3,1000,1,1,1000,1,1,1,30,0.425291127
1,1,1,0,0,3,1000,1,1,1000,1,1,1,0,3,1000,1,1,1000,1,1,1,30,0.449012125
1,1,1,0,0,3,1000,1,1,1000,1,1,1,0,3,1000,1,1,1000,1,1,1,30,0.84952158
1,1,1,0,0,3,1000,1,1,1000,1,1,1,0,3,1000,1,1,1000,1,1,1,30,0.422132272
1,1,1,0,0,3,1000,1,1,1000,1,1,1,0,3,1000,1,1,1000,1,1,1,30,0.44377946
1,1,1,0,0,3,1000,1,1,1000,1,1,1,0,3,1000,1,1,1000,1,1,1,30,0.453426128
1,1,1,0,0,3,1000,1,1,1000,1,1,1,0,3,1000,1,1,1000,1,1,1,30,0.456704219
1,1,1,0,0,3,1000,1,1,1000,1,1,1,0,3,1000,1,1,1000,1,1,1,30,0.325530471
1,1,1,0,0,3,1000,1,1,1000,1,1,1,0,3,1000,1,1,1000,1,1,1,30,0.439422093
1,1,1,0,0,3,1000,1,1,1000,1,1,1,0,3,1000,1,1,1000,1,1,1,30,0.450091366
1,1,1,0,0,3,1000,1,1,1000,1,1,1,0,3,1000,1,1,1000,1,1,1,30,0.647249753
1,1,1,0,0,3,1000,1,1,1000,1,1,1,0,3,1000,1,1,1000,1,1,1,30,0.823022553
1,1,1,0,0,3,1000,1,1,1000,1,1,1,0,3,1000,1,1,1000,1,1,1,30,0.432885283
1,1,1,0,0,3,1000,1,1,1000,1,1,1,0,3,1000,1,1,1000,1,1,1,30,0.415484774
1,1,1,0,0,3,1000,1,1,1000,1,1,1,0,3,1000,1,1,1000,1,1,1,30,0.429041219
1,1,1,0,0,3,1000,1,1,1000,1,1,1,0,3,1000,1,1,1000,1,1,1,30,0.444548894
1,1,1,0,0,3,1000,1,1,1000,1,1,1,0,3,1000,1,1,1000,1,1,1,30,0.429347861
1,1,1,0,0,3,1000,1,1,1000,1,1,1,0,3,1000,1,1,1000,1,1,1,30,0.418964733
1,1,1,0,0,3,1000,1,1,1000,1,1,1,0,3,1000,1,1,1000,1,1,1,30,0.446667439
1,1,1,0,0,3,1000,1,1,1000,1,1,1,0,3,1000,1,1,1000,1,1,1,30,0.417617073
1,1,1,0,0,3,1000,1,1,1000,1,1,1,0,3,1000,1,1,1000,1,1,1,30,0.772661205
1,1,1,0,0,3,1000,1,1,1000,1,1,1,0,3,1000,1,1,1000,1,1,1,30,0.429027506
1,1,1,0,0,3,1000,1,1,1000,1,1,1,0,3,1000,1,1,1000,1,1,1,30,0.316949077
1,1,1,0,0,3,1000,1,1,1000,1,1,1,0,3,1000,1,1,1000,1,1,1,30,0.453814839
1,1,1,0,0,10,10,1,1,10,1,1,1,0,10,10,1,1,10,1,1,1,30,0.247146728
1,1,1,0,0,1,83,1,1,83,1,1,1,0,1,83,1,1,83,1,1,1,30,0.33305278
1,1,1,0,0,1,83,1,1,83,1,1,1,0,1,83,1,1,83,1,1,1,30,0.261316636
1,1,1,0,0,1,83,1,1,83,1,1,1,0,1,83,1,1,83,1,1,1,30,0.263632176
1,1,1,0,0,1,83,1,1,83,1,1,1,0,1,83,1,1,83,1,1,1,30,0.215944543
1,1,1,0,0,1,83,1,1,83,1,1,1,0,1,83,1,1,83,1,1,1,30,0.254002972
1,1,1,0,0,1,83,1,1,83,1,1,1,0,1,83,1,1,83,1,1,1,30,0.216045165
1,1,1,0,0,1,83,1,1,83,1,1,1,0,1,83,1,1,83,1,1,1,30,0.260449649
1,1,1,0,0,1,83,1,1,83,1,1,1,0,1,83,1,1,83,1,1,1,30,0.265990092
1,1,1,0,0,1,83,1,1,83,1,1,1,0,1,83,1,1,83,1,1,1,30,0.238042033
1,1,1,0,0,1,83,1,1,83,1,1,1,0,1,83,1,1,83,1,1,1,30,0.229023548
1,1,1,0,0,1,83,1,1,83,1,1,1,0,1,83,1,1,83,1,1,1,30,0.247520821
1,1,1,0,0,1,83,1,1,83,1,1,1,0,1,83,1,1,83,1,1,1,30,0.208232756
1,1,1,0,0,1,83,1,1,83,1,1,1,0,1,83,1,1,83,1,1,1,30,0.20764005
1,1,1,0,0,1,83,1,1,83,1,1,1,0,1,83,1,1,83,1,1,1,30,0.243358597
1,1,1,0,0,1,83,1,1,83,1,1,1,0,1,83,1,1,83,1,1,1,30,0.230825284
1,1,1,0,0,1,83,1,1,83,1,1,1,0,1,83,1,1,83,1,1,1,30,0.257567705
1,1,1,0,0,1,83,1,1,83,1,1,1,0,1,83,1,1,83,1,1,1,30,0.23796241
1,1,1,0,0,1,83,1,1,83,1,1,1,0,1,83,1,1,83,1,1,1,30,0.380703982
1,1,1,0,0,1,83,1,1,83,1,1,1,0,1,83,1,1,83,1,1,1,30,0.234885827
1,1,1,0,0,1,83,1,1,83,1,1,1,0,1,83,1,1,83,1,1,1,30,0.256265446
1,1,1,0,0,1,83,1,1,83,1,1,1,0,1,83,1,1,83,1,1,1,30,0.228399125
1,1,1,0,0,1,83,1,1,83,1,1,1,0,1,83,1,1,83,1,1,1,30,0.241185647
1,1,1,0,0,1,83,1,1,83,1,1,1,0,1,83,1,1,83,1,1,1,30,0.230903265
1,1,1,0,0,1,83,1,1,83,1,1,1,0,1,83,1,1,83,1,1,1,30,0.214162785
1,1,1,0,0,1,83,1,1,83,1,1,1,0,1,83,1,1,83,1,1,1,30,0.250197032
1,1,1,0,0,3,1000,1,1,1000,1,1,1,0,3,1000,1,1,1000,1,1,1,40,0.43050441
1,1,1,0,0,3,1000,1,1,1000,1,1,1,0,3,1000,1,1,1000,1,1,1,40,0.430572484
1,1,1,0,0,3,1000,1,1,1000,1,1,1,0,3,1000,1,1,1000,1,1,1,40,0.436245455
1,1,1,0,0,3,1000,1,1,1000,1,1,1,0,3,1000,1,1,1000,1,1,1,40,0.692581634
1,1,1,0,0,3,1000,1,1,1000,1,1,1,0,3,1000,1,1,1000,1,1,1,40,0.402244909
1,1,1,0,0,3,1000,1,1,1000,1,1,1,0,3,1000,1,1,1000,1,1,1,40,0.4571728
1,1,1,0,0,3,1000,1,1,1000,1,1,1,0,3,1000,1,1,1000,1,1,1,40,0.580148571
1,1,1,0,0,3,1000,1,1,1000,1,1,1,0,3,1000,1,1,1000,1,1,1,40,0.466418278
1,1,1,0,0,3,1000,1,1,1000,1,1,1,0,3,1000,1,1,1000,1,1,1,40,0.588258867
1,1,1,0,0,3,1000,1,1,1000,1,1,1,0,3,1000,1,1,1000,1,1,1,40,0.562269695
1,1,1,0,0,3,1000,1,1,1000,1,1,1,0,3,1000,1,1,1000,1,1,1,40,0.425490977
1,1,1,0,0,3,1000,1,1,1000,1,1,1,0,3,1000,1,1,1000,1,1,1,40,0.44128546
1,1,1,0,0,3,1000,1,1,1000,1,1,1,0,3,1000,1,1,1000,1,1,1,40,0.57073667
1,1,1,0,0,3,1000,1,1,1000,1,1,1,0,3,1000,1,1,1000,1,1,1,40,0.308703581
1,1,1,0,0,3,1000,1,1,1000,1,1,1,0,3,1000,1,1,1000,1,1,1,40,0.439600898
1,1,1,0,0,3,1000,1,1,1000,1,1,1,0,3,1000,1,1,1000,1,1,1,40,0.425217727
1,1,1,0,0,3,1000,1,1,1000,1,1,1,0,3,1000,1,1,1000,1,1,1,40,0.433349163
1,1,1,0,0,3,1000,1,1,1000,1,1,1,0,3,1000,1,1,1000,1,1,1,40,0.453823509
1,1,1,0,0,3,1000,1,1,1000,1,1,1,0,3,1000,1,1,1000,1,1,1,40,0.454557789
1,1,1,0,0,3,1000,1,1,1000,1,1,1,0,3,1000,1,1,1000,1,1,1,40,0.570119221
1,1,1,0,0,3,1000,1,1,1000,1,1,1,0,3,1000,1,1,1000,1,1,1,40,0.319729366
1,1,1,0,0,3,1000,1,1,1000,1,1,1,0,3,1000,1,1,1000,1,1,1,40,0.458288792
1,1,1,0,0,3,1000,1,1,1000,1,1,1,0,3,1000,1,1,1000,1,1,1,40,0.441076337
1,1,1,0,0,3,1000,1,1,1000,1,1,1,0,3,1000,1,1,1000,1,1,1,40,0.6083923
1,1,1,0,0,3,1000,1,1,1000,1,1,1,0,3,1000,1,1,1000,1,1,1,40,0.440858008
1,1,1,0,0,3,1000,1,1,1000,1,1,1,0,3,1000,1,1,1000,1,1,1,40,0.460104883
1,1,1,0,0,3,1000,1,1,1000,1,1,1,0,3,1000,1,1,1000,1,1,1,40,0.426241356
1,1,1,0,0,3,1000,1,1,1000,1,1,1,0,3,1000,1,1,1000,1,1,1,40,0.762740653
1,1,1,0,0,3,1000,1,1,1000,1,1,1,0,3,1000,1,1,1000,1,1,1,40,0.438472919
1,1,1,0,0,3,1000,1,1,1000,1,1,1,0,3,1000,1,1,1000,1,1,1,40,0.465753914
1,1,1,0,0,10,10,1,1,10,1,1,1,0,10,10,1,1,10,1,1,1,40,0.233194716
1,1,1,0,0,1,83,1,1,83,1,1,1,0,1,83,1,1,83,1,1,1,40,0.189901392
1,1,1,0,0,1,83,1,1,83,1,1,1,0,1,83,1,1,83,1,1,1,40,0.244538779
1,1,1,0,0,1,83,1,1,83,1,1,1,0,1,83,1,1,83,1,1,1,40,0.26115902
1,1,1,0,0,1,83,1,1,83,1,1,1,0,1,83,1,1,83,1,1,1,40,0.213443002
1,1,1,0,0,1,83,1,1,83,1,1,1,0,1,83,1,1,83,1,1,1,40,0.256725331
1,1,1,0,0,1,83,1,1,83,1,1,1,0,1,83,1,1,83,1,1,1,40,0.2192477
1,1,1,0,0,1,83,1,1,83,1,1,1,0,1,83,1,1,83,1,1,1,40,2.216204791
1,1,1,0,0,1,83,1,1,83,1,1,1,0,1,83,1,1,83,1,1,1,40,0.270317531
1,1,1,0,0,1,83,1,1,83,1,1,1,0,1,83,1,1,83,1,1,1,40,0.221376096
1,1,1,0,0,1,83,1,1,83,1,1,1,0,1,83,1,1,83,1,1,1,40,0.317287083
1,1,1,0,0,1,83,1,1,83,1,1,1,0,1,83,1,1,83,1,1,1,40,0.249262152
1,1,1,0,0,1,83,1,1,83,1,1,1,0,1,83,1,1,83,1,1,1,40,0.227888098
1,1,1,0,0,1,83,1,1,83,1,1,1,0,1,83,1,1,83,1,1,1,40,0.40771614
1,1,1,0,0,1,83,1,1,83,1,1,1,0,1,83,1,1,83,1,1,1,40,0.255384203
1,1,1,0,0,1,83,1,1,83,1,1,1,0,1,83,1,1,83,1,1,1,40,0.24437946
1,1,1,0,0,1,83,1,1,83,1,1,1,0,1,83,1,1,83,1,1,1,40,0.209025559
1,1,1,0,0,1,83,1,1,83,1,1,1,0,1,83,1,1,83,1,1,1,40,0.242860161
1,1,1,0,0,1,83,1,1,83,1,1,1,0,1,83,1,1,83,1,1,1,40,0.351656375
1,1,1,0,0,1,83,1,1,83,1,1,1,0,1,83,1,1,83,1,1,1,40,0.251525873
1,1,1,0,0,1,83,1,1,83,1,1,1,0,1,83,1,1,83,1,1,1,40,0.261653811
1,1,1,0,0,1,83,1,1,83,1,1,1,0,1,83,1,1,83,1,1,1,40,0.223011714
1,1,1,0,0,1,83,1,1,83,1,1,1,0,1,83,1,1,83,1,1,1,40,0.293994863
1,1,1,0,0,1,83,1,1,83,1,1,1,0,1,83,1,1,83,1,1,1,40,0.245203222
1,1,1,0,0,1,83,1,1,83,1,1,1,0,1,83,1,1,83,1,1,1,40,0.260674779
1,1,1,0,0,1,83,1,1,83,1,1,1,0,1,83,1,1,83,1,1,1,40,0.253968989
1,1,1,0,0,3,1000,1,1,1000,1,1,1,0,3,1000,1,1,1000,1,1,1,50,0.669085712
1,1,1,0,0,3,1000,1,1,1000,1,1,1,0,3,1000,1,1,1000,1,1,1,50,0.939448778
1,1,1,0,0,3,1000,1,1,1000,1,1,1,0,3,1000,1,1,1000,1,1,1,50,0.485778244
1,1,1,0,0,3,1000,1,1,1000,1,1,1,0,3,1000,1,1,1000,1,1,1,50,0.702952543
1,1,1,0,0,3,1000,1,1,1000,1,1,1,0,3,1000,1,1,1000,1,1,1,50,0.959593652
1,1,1,0,0,3,1000,1,1,1000,1,1,1,0,3,1000,1,1,1000,1,1,1,50,0.591031222
1,1,1,0,0,3,1000,1,1,1000,1,1,1,0,3,1000,1,1,1000,1,1,1,50,0.440580642
1,1,1,0,0,3,1000,1,1,1000,1,1,1,0,3,1000,1,1,1000,1,1,1,50,0.461521321
1,1,1,0,0,3,1000,1,1,1000,1,1,1,0,3,1000,1,1,1000,1,1,1,50,0.937762438
1,1,1,0,0,3,1000,1,1,1000,1,1,1,0,3,1000,1,1,1000,1,1,1,50,0.468416764
1,1,1,0,0,3,1000,1,1,1000,1,1,1,0,3,1000,1,1,1000,1,1,1,50,0.625364826
1,1,1,0,0,3,1000,1,1,1000,1,1,1,0,3,1000,1,1,1000,1,1,1,50,1.058321385
1,1,1,0,0,3,1000,1,1,1000,1,1,1,0,3,1000,1,1,1000,1,1,1,50,0.480484593
1,1,1,0,0,3,1000,1,1,1000,1,1,1,0,3,1000,1,1,1000,1,1,1,50,0.363383301
1,1,1,0,0,3,1000,1,1,1000,1,1,1,0,3,1000,1,1,1000,1,1,1,50,0.486766459
1,1,1,0,0,3,1000,1,1,1000,1,1,1,0,3,1000,1,1,1000,1,1,1,50,0.478507742
1,1,1,0,0,3,1000,1,1,1000,1,1,1,0,3,1000,1,1,1000,1,1,1,50,0.468136265
1,1,1,0,0,3,1000,1,1,1000,1,1,1,0,3,1000,1,1,1000,1,1,1,50,0.725653507
1,1,1,0,0,3,1000,1,1,1000,1,1,1,0,3,1000,1,1,1000,1,1,1,50,0.467024567
1,1,1,0,0,3,1000,1,1,1000,1,1,1,0,3,1000,1,1,1000,1,1,1,50,0.556271765
1,1,1,0,0,3,1000,1,1,1000,1,1,1,0,3,1000,1,1,1000,1,1,1,50,0.462813627
1,1,1,0,0,3,1000,1,1,1000,1,1,1,0,3,1000,1,1,1000,1,1,1,50,0.480418256
1,1,1,0,0,3,1000,1,1,1000,1,1,1,0,3,1000,1,1,1000,1,1,1,50,0.6045962
1,1,1,0,0,3,1000,1,1,1000,1,1,1,0,3,1000,1,1,1000,1,1,1,50,0.461045705
1,1,1,0,0,3,1000,1,1,1000,1,1,1,0,3,1000,1,1,1000,1,1,1,50,0.45468479
1,1,1,0,0,3,1000,1,1,1000,1,1,1,0,3,1000,1,1,1000,1,1,1,50,0.481518609
1,1,1,0,0,3,1000,1,1,1000,1,1,1,0,3,1000,1,1,1000,1,1,1,50,0.948608997
1,1,1,0,0,3,1000,1,1,1000,1,1,1,0,3,1000,1,1,1000,1,1,1,50,0.450502695
1,1,1,0,0,3,1000,1,1,1000,1,1,1,0,3,1000,1,1,1000,1,1,1,50,0.6364681
1,1,1,0,0,3,1000,1,1,1000,1,1,1,0,3,1000,1,1,1000,1,1,1,50,0.455568181
1,1,1,0,0,10,10,1,1,10,1,1,1,0,10,10,1,1,10,1,1,1,50,0.230488305
1,1,1,0,0,1,83,1,1,83,1,1,1,0,1,83,1,1,83,1,1,1,50,0.319562201
1,1,1,0,0,1,83,1,1,83,1,1,1,0,1,83,1,1,83,1,1,1,50,0.217800912
1,1,1,0,0,1,83,1,1,83,1,1,1,0,1,83,1,1,83,1,1,1,50,0.221471342
1,1,1,0,0,1,83,1,1,83,1,1,1,0,1,83,1,1,83,1,1,1,50,0.276732974
1,1,1,0,0,1,83,1,1,83,1,1,1,0,1,83,1,1,83,1,1,1,50,0.222855816
1,1,1,0,0,1,83,1,1,83,1,1,1,0,1,83,1,1,83,1,1,1,50,0.225518329
1,1,1,0,0,1,83,1,1,83,1,1,1,0,1,83,1,1,83,1,1,1,50,0.263236707
1,1,1,0,0,1,83,1,1,83,1,1,1,0,1,83,1,1,83,1,1,1,50,0.208881453
1,1,1,0,0,1,83,1,1,83,1,1,1,0,1,83,1,1,83,1,1,1,50,0.251203436
1,1,1,0,0,1,83,1,1,83,1,1,1,0,1,83,1,1,83,1,1,1,50,0.223459627
1,1,1,0,0,1,83,1,1,83,1,1,1,0,1,83,1,1,83,1,1,1,50,0.251743038
1,1,1,0,0,1,83,1,1,83,1,1,1,0,1,83,1,1,83,1,1,1,50,0.250997704
1,1,1,0,0,1,83,1,1,83,1,1,1,0,1,83,1,1,83,1,1,1,50,0.243322033
1,1,1,0,0,1,83,1,1,83,1,1,1,0,1,83,1,1,83,1,1,1,50,0.243991626
1,1,1,0,0,1,83,1,1,83,1,1,1,0,1,83,1,1,83,1,1,1,50,0.218958375
1,1,1,0,0,1,83,1,1,83,1,1,1,0,1,83,1,1,83,1,1,1,50,0.236292219
1,1,1,0,0,1,83,1,1,83,1,1,1,0,1,83,1,1,83,1,1,1,50,0.205722744
1,1,1,0,0,1,83,1,1,83,1,1,1,0,1,83,1,1,83,1,1,1,50,0.238586693
1,1,1,0,0,1,83,1,1,83,1,1,1,0,1,83,1,1,83,1,1,1,50,0.076476234
1,1,1,0,0,1,83,1,1,83,1,1,1,0,1,83,1,1,83,1,1,1,50,0.209068897
1,1,1,0,0,1,83,1,1,83,1,1,1,0,1,83,1,1,83,1,1,1,50,0.256762084
1,1,1,0,0,1,83,1,1,83,1,1,1,0,1,83,1,1,83,1,1,1,50,0.217991586
1,1,1,0,0,1,83,1,1,83,1,1,1,0,1,83,1,1,83,1,1,1,50,0.240844929
1,1,1,0,0,1,83,1,1,83,1,1,1,0,1,83,1,1,83,1,1,1,50,0.163193932
1,1,1,0,0,1,83,1,1,83,1,1,1,0,1,83,1,1,83,1,1,1,50,0.21473153
1,1,1,0,0,3,1000,1,1,1000,1,1,1,0,3,1000,1,1,1000,1,1,1,60,0.713829433
1,1,1,0,0,3,1000,1,1,1000,1,1,1,0,3,1000,1,1,1000,1,1,1,60,0.421953292
1,1,1,0,0,3,1000,1,1,1000,1,1,1,0,3,1000,1,1,1000,1,1,1,60,0.787916298
1,1,1,0,0,3,1000,1,1,1000,1,1,1,0,3,1000,1,1,1000,1,1,1,60,0.79079535
1,1,1,0,0,3,1000,1,1,1000,1,1,1,0,3,1000,1,1,1000,1,1,1,60,0.422056904
1,1,1,0,0,3,1000,1,1,1000,1,1,1,0,3,1000,1,1,1000,1,1,1,60,0.418009691
1,1,1,0,0,3,1000,1,1,1000,1,1,1,0,3,1000,1,1,1000,1,1,1,60,0.556653866
1,1,1,0,0,3,1000,1,1,1000,1,1,1,0,3,1000,1,1,1000,1,1,1,60,0.425982306
1,1,1,0,0,3,1000,1,1,1000,1,1,1,0,3,1000,1,1,1000,1,1,1,60,0.460479042
1,1,1,0,0,3,1000,1,1,1000,1,1,1,0,3,1000,1,1,1000,1,1,1,60,0.440838034
1,1,1,0,0,3,1000,1,1,1000,1,1,1,0,3,1000,1,1,1000,1,1,1,60,0.374156682
1,1,1,0,0,3,1000,1,1,1000,1,1,1,0,3,1000,1,1,1000,1,1,1,60,0.435666277
1,1,1,0,0,3,1000,1,1,1000,1,1,1,0,3,1000,1,1,1000,1,1,1,60,0.432647461
1,1,1,0,0,3,1000,1,1,1000,1,1,1,0,3,1000,1,1,1000,1,1,1,60,0.460053963
1,1,1,0,0,3,1000,1,1,1000,1,1,1,0,3,1000,1,1,1000,1,1,1,60,0.459339154
1,1,1,0,0,3,1000,1,1,1000,1,1,1,0,3,1000,1,1,1000,1,1,1,60,0.460351955
1,1,1,0,0,3,1000,1,1,1000,1,1,1,0,3,1000,1,1,1000,1,1,1,60,0.430045886
1,1,1,0,0,3,1000,1,1,1000,1,1,1,0,3,1000,1,1,1000,1,1,1,60,0.75530545
1,1,1,0,0,3,1000,1,1,1000,1,1,1,0,3,1000,1,1,1000,1,1,1,60,0.439771712
1,1,1,0,0,3,1000,1,1,1000,1,1,1,0,3,1000,1,1,1000,1,1,1,60,0.453583399
1,1,1,0,0,3,1000,1,1,1000,1,1,1,0,3,1000,1,1,1000,1,1,1,60,0.414917037
1,1,1,0,0,3,1000,1,1,1000,1,1,1,0,3,1000,1,1,1000,1,1,1,60,0.463382075
1,1,1,0,0,3,1000,1,1,1000,1,1,1,0,3,1000,1,1,1000,1,1,1,60,0.43816436
1,1,1,0,0,3,1000,1,1,1000,1,1,1,0,3,1000,1,1,1000,1,1,1,60,0.41681647
1,1,1,0,0,3,1000,1,1,1000,1,1,1,0,3,1000,1,1,1000,1,1,1,60,0.457310628
1,1,1,0,0,3,1000,1,1,1000,1,1,1,0,3,1000,1,1,1000,1,1,1,60,6.003811293
1,1,1,0,0,3,1000,1,1,1000,1,1,1,0,3,1000,1,1,1000,1,1,1,60,0.422697038
1,1,1,0,0,3,1000,1,1,1000,1,1,1,0,3,1000,1,1,1000,1,1,1,60,0.430605055
1,1,1,0,0,3,1000,1,1,1000,1,1,1,0,3,1000,1,1,1000,1,1,1,60,0.681512999
1,1,1,0,0,3,1000,1,1,1000,1,1,1,0,3,1000,1,1,1000,1,1,1,60,0.441712616
1,1,1,0,0,10,10,1,1,10,1,1,1,0,10,10,1,1,10,1,1,1,60,0.089195861
1,1,1,0,0,1,83,1,1,83,1,1,1,0,1,83,1,1,83,1,1,1,60,0.249800578
1,1,1,0,0,1,83,1,1,83,1,1,1,0,1,83,1,1,83,1,1,1,60,0.215459665
1,1,1,0,0,1,83,1,1,83,1,1,1,0,1,83,1,1,83,1,1,1,60,0.327277677
1,1,1,0,0,1,83,1,1,83,1,1,1,0,1,83,1,1,83,1,1,1,60,0.234187355
1,1,1,0,0,1,83,1,1,83,1,1,1,0,1,83,1,1,83,1,1,1,60,0.205624494
1,1,1,0,0,1,83,1,1,83,1,1,1,0,1,83,1,1,83,1,1,1,60,0.2382462
1,1,1,0,0,1,83,1,1,83,1,1,1,0,1,83,1,1,83,1,1,1,60,0.237094881
1,1,1,0,0,1,83,1,1,83,1,1,1,0,1,83,1,1,83,1,1,1,60,0.212994199
1,1,1,0,0,1,83,1,1,83,1,1,1,0,1,83,1,1,83,1,1,1,60,0.226925908
1,1,1,0,0,1,83,1,1,83,1,1,1,0,1,83,1,1,83,1,1,1,60,0.217640668
1,1,1,0,0,1,83,1,1,83,1,1,1,0,1,83,1,1,83,1,1,1,60,0.24574021
1,1,1,0,0,1,83,1,1,83,1,1,1,0,1,83,1,1,83,1,1,1,60,0.236927553
1,1,1,0,0,1,83,1,1,83,1,1,1,0,1,83,1,1,83,1,1,1,60,0.242323196
1,1,1,0,0,1,83,1,1,83,1,1,1,0,1,83,1,1,83,1,1,1,60,0.226573853
1,1,1,0,0,1,83,1,1,83,1,1,1,0,1,83,1,1,83,1,1,1,60,0.234668519
1,1,1,0,0,1,83,1,1,83,1,1,1,0,1,83,1,1,83,1,1,1,60,0.270455239
1,1,1,0,0,1,83,1,1,83,1,1,1,0,1,83,1,1,83,1,1,1,60,0.24246119
1,1,1,0,0,1,83,1,1,83,1,1,1,0,1,83,1,1,83,1,1,1,60,0.238780567
1,1,1,0,0,1,83,1,1,83,1,1,1,0,1,83,1,1,83,1,1,1,60,0.257253919
1,1,1,0,0,1,83,1,1,83,1,1,1,0,1,83,1,1,83,1,1,1,60,0.254104309
1,1,1,0,0,1,83,1,1,83,1,1,1,0,1,83,1,1,83,1,1,1,60,0.400323813
1,1,1,0,0,1,83,1,1,83,1,1,1,0,1,83,1,1,83,1,1,1,60,0.215573165
1,1,1,0,0,1,83,1,1,83,1,1,1,0,1,83,1,1,83,1,1,1,60,0.284776152
1,1,1,0,0,1,83,1,1,83,1,1,1,0,1,83,1,1,83,1,1,1,60,0.233596492
1,1,1,0,0,1,83,1,1,83,1,1,1,0,1,83,1,1,83,1,1,1,60,0.23646073
1,1,1,0,0,3,1000,1,1,1000,1,1,1,0,3,1000,1,1,1000,1,1,1,70,0.815185166
1,1,1,0,0,3,1000,1,1,1000,1,1,1,0,3,1000,1,1,1000,1,1,1,70,0.433976822
1,1,1,0,0,3,1000,1,1,1000,1,1,1,0,3,1000,1,1,1000,1,1,1,70,0.43576527
1,1,1,0,0,3,1000,1,1,1000,1,1,1,0,3,1000,1,1,1000,1,1,1,70,0.674668946
1,1,1,0,0,3,1000,1,1,1000,1,1,1,0,3,1000,1,1,1000,1,1,1,70,0.451050308
1,1,1,0,0,3,1000,1,1,1000,1,1,1,0,3,1000,1,1,1000,1,1,1,70,0.440558641
1,1,1,0,0,3,1000,1,1,1000,1,1,1,0,3,1000,1,1,1000,1,1,1,70,0.42399233
1,1,1,0,0,3,1000,1,1,1000,1,1,1,0,3,1000,1,1,1000,1,1,1,70,0.458677006
1,1,1,0,0,3,1000,1,1,1000,1,1,1,0,3,1000,1,1,1000,1,1,1,70,0.440720674
1,1,1,0,0,3,1000,1,1,1000,1,1,1,0,3,1000,1,1,1000,1,1,1,70,0.417564245
1,1,1,0,0,3,1000,1,1,1000,1,1,1,0,3,1000,1,1,1000,1,1,1,70,0.457129562
1,1,1,0,0,3,1000,1,1,1000,1,1,1,0,3,1000,1,1,1000,1,1,1,70,0.42426561
1,1,1,0,0,3,1000,1,1,1000,1,1,1,0,3,1000,1,1,1000,1,1,1,70,0.422227413
1,1,1,0,0,3,1000,1,1,1000,1,1,1,0,3,1000,1,1,1000,1,1,1,70,0.479600925
1,1,1,0,0,3,1000,1,1,1000,1,1,1,0,3,1000,1,1,1000,1,1,1,70,0.735721712
1,1,1,0,0,3,1000,1,1,1000,1,1,1,0,3,1000,1,1,1000,1,1,1,70,0.579756188
1,1,1,0,0,3,1000,1,1,1000,1,1,1,0,3,1000,1,1,1000,1,1,1,70,0.442976719
1,1,1,0,0,3,1000,1,1,1000,1,1,1,0,3,1000,1,1,1000,1,1,1,70,0.448629794
1,1,1,0,0,3,1000,1,1,1000,1,1,1,0,3,1000,1,1,1000,1,1,1,70,0.45745298
1,1,1,0,0,3,1000,1,1,1000,1,1,1,0,3,1000,1,1,1000,1,1,1,70,0.461732816
1,1,1,0,0,3,1000,1,1,1000,1,1,1,0,3,1000,1,1,1000,1,1,1,70,0.419106353
1,1,1,0,0,3,1000,1,1,1000,1,1,1,0,3,1000,1,1,1000,1,1,1,70,0.439844153
1,1,1,0,0,3,1000,1,1,1000,1,1,1,0,3,1000,1,1,1000,1,1,1,70,0.499834614
1,1,1,0,0,3,1000,1,1,1000,1,1,1,0,3,1000,1,1,1000,1,1,1,70,0.422303976
1,1,1,0,0,3,1000,1,1,1000,1,1,1,0,3,1000,1,1,1000,1,1,1,70,0.434153841
1,1,1,0,0,3,1000,1,1,1000,1,1,1,0,3,1000,1,1,1000,1,1,1,70,0.430528512
1,1,1,0,0,3,1000,1,1,1000,1,1,1,0,3,1000,1,1,1000,1,1,1,70,0.442595841
1,1,1,0,0,3,1000,1,1,1000,1,1,1,0,3,1000,1,1,1000,1,1,1,70,0.421837996
1,1,1,0,0,3,1000,1,1,1000,1,1,1,0,3,1000,1,1,1000,1,1,1,70,0.477955598
1,1,1,0,0,3,1000,1,1,1000,1,1,1,0,3,1000,1,1,1000,1,1,1,70,0.439297041
1,1,1,0,0,10,10,1,1,10,1,1,1,0,10,10,1,1,10,1,1,1,70,0.240692125
1,1,1,0,0,1,83,1,1,83,1,1,1,0,1,83,1,1,83,1,1,1,70,0.228180923
1,1,1,0,0,1,83,1,1,83,1,1,1,0,1,83,1,1,83,1,1,1,70,0.347036748
1,1,1,0,0,1,83,1,1,83,1,1,1,0,1,83,1,1,83,1,1,1,70,0.269633169
1,1,1,0,0,1,83,1,1,83,1,1,1,0,1,83,1,1,83,1,1,1,70,0.259180842
1,1,1,0,0,1,83,1,1,83,1,1,1,0,1,83,1,1,83,1,1,1,70,0.262512125
1,1,1,0,0,1,83,1,1,83,1,1,1,0,1,83,1,1,83,1,1,1,70,0.249337761
1,1,1,0,0,1,83,1,1,83,1,1,1,0,1,83,1,1,83,1,1,1,70,0.238113835
1,1,1,0,0,1,83,1,1,83,1,1,1,0,1,83,1,1,83,1,1,1,70,0.243723553
1,1,1,0,0,1,83,1,1,83,1,1,1,0,1,83,1,1,83,1,1,1,70,0.243983077
1,1,1,0,0,1,83,1,1,83,1,1,1,0,1,83,1,1,83,1,1,1,70,0.221342321
1,1,1,0,0,1,83,1,1,83,1,1,1,0,1,83,1,1,83,1,1,1,70,0.246911068
1,1,1,0,0,1,83,1,1,83,1,1,1,0,1,83,1,1,83,1,1,1,70,0.222778535
1,1,1,0,0,1,83,1,1,83,1,1,1,0,1,83,1,1,83,1,1,1,70,0.256616639
1,1,1,0,0,1,83,1,1,83,1,1,1,0,1,83,1,1,83,1,1,1,70,0.246204245
1,1,1,0,0,1,83,1,1,83,1,1,1,0,1,83,1,1,83,1,1,1,70,0.247416236
1,1,1,0,0,1,83,1,1,83,1,1,1,0,1,83,1,1,83,1,1,1,70,0.204199469
1,1,1,0,0,1,83,1,1,83,1,1,1,0,1,83,1,1,83,1,1,1,70,0.206176435
1,1,1,0,0,1,83,1,1,83,1,1,1,0,1,83,1,1,83,1,1,1,70,0.254463642
1,1,1,0,0,1,83,1,1,83,1,1,1,0,1,83,1,1,83,1,1,1,70,0.265219407
1,1,1,0,0,1,83,1,1,83,1,1,1,0,1,83,1,1,83,1,1,1,70,0.229824395
1,1,1,0,0,1,83,1,1,83,1,1,1,0,1,83,1,1,83,1,1,1,70,0.245297243
1,1,1,0,0,1,83,1,1,83,1,1,1,0,1,83,1,1,83,1,1,1,70,0.244226543
1,1,1,0,0,1,83,1,1,83,1,1,1,0,1,83,1,1,83,1,1,1,70,0.253498756
1,1,1,0,0,1,83,1,1,83,1,1,1,0,1,83,1,1,83,1,1,1,70,0.237995646
1,1,1,0,0,1,83,1,1,83,1,1,1,0,1,83,1,1,83,1,1,1,70,0.200000559
1,1,1,0,0,3,1000,1,1,1000,1,1,1,0,3,1000,1,1,1000,1,1,1,80,0.725183454
1,1,1,0,0,3,1000,1,1,1000,1,1,1,0,3,1000,1,1,1000,1,1,1,80,0.693049411
1,1,1,0,0,3,1000,1,1,1000,1,1,1,0,3,1000,1,1,1000,1,1,1,80,0.418034783
1,1,1,0,0,3,1000,1,1,1000,1,1,1,0,3,1000,1,1,1000,1,1,1,80,0.440684983
1,1,1,0,0,3,1000,1,1,1000,1,1,1,0,3,1000,1,1,1000,1,1,1,80,0.441994195
1,1,1,0,0,3,1000,1,1,1000,1,1,1,0,3,1000,1,1,1000,1,1,1,80,0.452300945
1,1,1,0,0,3,1000,1,1,1000,1,1,1,0,3,1000,1,1,1000,1,1,1,80,0.56670592
1,1,1,0,0,3,1000,1,1,1000,1,1,1,0,3,1000,1,1,1000,1,1,1,80,0.446181944
1,1,1,0,0,3,1000,1,1,1000,1,1,1,0,3,1000,1,1,1000,1,1,1,80,0.458180609
1,1,1,0,0,3,1000,1,1,1000,1,1,1,0,3,1000,1,1,1000,1,1,1,80,0.437964718
1,1,1,0,0,3,1000,1,1,1000,1,1,1,0,3,1000,1,1,1000,1,1,1,80,0.338978745
1,1,1,0,0,3,1000,1,1,1000,1,1,1,0,3,1000,1,1,1000,1,1,1,80,0.435392306
1,1,1,0,0,3,1000,1,1,1000,1,1,1,0,3,1000,1,1,1000,1,1,1,80,0.429230477
1,1,1,0,0,3,1000,1,1,1000,1,1,1,0,3,1000,1,1,1000,1,1,1,80,0.425312782
1,1,1,0,0,3,1000,1,1,1000,1,1,1,0,3,1000,1,1,1000,1,1,1,80,0.45187323
1,1,1,0,0,3,1000,1,1,1000,1,1,1,0,3,1000,1,1,1000,1,1,1,80,0.446206826
1,1,1,0,0,3,1000,1,1,1000,1,1,1,0,3,1000,1,1,1000,1,1,1,80,0.844408495
1,1,1,0,0,3,1000,1,1,1000,1,1,1,0,3,1000,1,1,1000,1,1,1,80,0.846885863
1,1,1,0,0,3,1000,1,1,1000,1,1,1,0,3,1000,1,1,1000,1,1,1,80,0.424204943
1,1,1,0,0,3,1000,1,1,1000,1,1,1,0,3,1000,1,1,1000,1,1,1,80,0.44947709
1,1,1,0,0,3,1000,1,1,1000,1,1,1,0,3,1000,1,1,1000,1,1,1,80,0.413917847
1,1,1,0,0,3,1000,1,1,1000,1,1,1,0,3,1000,1,1,1000,1,1,1,80,0.461219983
1,1,1,0,0,3,1000,1,1,1000,1,1,1,0,3,1000,1,1,1000,1,1,1,80,0.434772881
1,1,1,0,0,3,1000,1,1,1000,1,1,1,0,3,1000,1,1,1000,1,1,1,80,0.800416491
1,1,1,0,0,3,1000,1,1,1000,1,1,1,0,3,1000,1,1,1000,1,1,1,80,0.417940596
1,1,1,0,0,3,1000,1,1,1000,1,1,1,0,3,1000,1,1,1000,1,1,1,80,0.421393035
1,1,1,0,0,3,1000,1,1,1000,1,1,1,0,3,1000,1,1,1000,1,1,1,80,0.66510525
1,1,1,0,0,3,1000,1,1,1000,1,1,1,0,3,1000,1,1,1000,1,1,1,80,0.441753799
1,1,1,0,0,3,1000,1,1,1000,1,1,1,0,3,1000,1,1,1000,1,1,1,80,0.433927611
1,1,1,0,0,3,1000,1,1,1000,1,1,1,0,3,1000,1,1,1000,1,1,1,80,0.420552644
1,1,1,0,0,10,10,1,1,10,1,1,1,0,10,10,1,1,10,1,1,1,80,0.245402592
1,1,1,0,0,1,83,1,1,83,1,1,1,0,1,83,1,1,83,1,1,1,80,0.213358588
1,1,1,0,0,1,83,1,1,83,1,1,1,0,1,83,1,1,83,1,1,1,80,0.229730306
1,1,1,0,0,1,83,1,1,83,1,1,1,0,1,83,1,1,83,1,1,1,80,0.252730179
1,1,1,0,0,1,83,1,1,83,1,1,1,0,1,83,1,1,83,1,1,1,80,0.225448514
1,1,1,0,0,1,83,1,1,83,1,1,1,0,1,83,1,1,83,1,1,1,80,3.560818593
1,1,1,0,0,1,83,1,1,83,1,1,1,0,1,83,1,1,83,1,1,1,80,0.222719855
1,1,1,0,0,1,83,1,1,83,1,1,1,0,1,83,1,1,83,1,1,1,80,0.236422825
1,1,1,0,0,1,83,1,1,83,1,1,1,0,1,83,1,1,83,1,1,1,80,0.269512206
1,1,1,0,0,1,83,1,1,83,1,1,1,0,1,83,1,1,83,1,1,1,80,0.240933573
1,1,1,0,0,1,83,1,1,83,1,1,1,0,1,83,1,1,83,1,1,1,80,0.25682314
1,1,1,0,0,1,83,1,1,83,1,1,1,0,1,83,1,1,83,1,1,1,80,0.215586899
1,1,1,0,0,1,83,1,1,83,1,1,1,0,1,83,1,1,83,1,1,1,80,0.259649349
1,1,1,0,0,1,83,1,1,83,1,1,1,0,1,83,1,1,83,1,1,1,80,0.257394527
1,1,1,0,0,1,83,1,1,83,1,1,1,0,1,83,1,1,83,1,1,1,80,0.240659448
1,1,1,0,0,1,83,1,1,83,1,1,1,0,1,83,1,1,83,1,1,1,80,0.222232748
1,1,1,0,0,1,83,1,1,83,1,1,1,0,1,83,1,1,83,1,1,1,80,0.223112311
1,1,1,0,0,1,83,1,1,83,1,1,1,0,1,83,1,1,83,1,1,1,80,0.208754766
1,1,1,0,0,1,83,1,1,83,1,1,1,0,1,83,1,1,83,1,1,1,80,0.230559619
1,1,1,0,0,1,83,1,1,83,1,1,1,0,1,83,1,1,83,1,1,1,80,0.27618735
1,1,1,0,0,1,83,1,1,83,1,1,1,0,1,83,1,1,83,1,1,1,80,0.243398826
1,1,1,0,0,1,83,1,1,83,1,1,1,0,1,83,1,1,83,1,1,1,80,0.240880491
1,1,1,0,0,1,83,1,1,83,1,1,1,0,1,83,1,1,83,1,1,1,80,0.406364728
1,1,1,0,0,1,83,1,1,83,1,1,1,0,1,83,1,1,83,1,1,1,80,0.274032841
1,1,1,0,0,1,83,1,1,83,1,1,1,0,1,83,1,1,83,1,1,1,80,0.229971979
1,1,1,0,0,1,83,1,1,83,1,1,1,0,1,83,1,1,83,1,1,1,80,0.22826545
1,1,1,0,0,3,1000,1,1,1000,1,1,1,0,3,1000,1,1,1000,1,1,1,90,0.36574173
1,1,1,0,0,3,1000,1,1,1000,1,1,1,0,3,1000,1,1,1000,1,1,1,90,0.470295171
1,1,1,0,0,3,1000,1,1,1000,1,1,1,0,3,1000,1,1,1000,1,1,1,90,0.454182696
1,1,1,0,0,3,1000,1,1,1000,1,1,1,0,3,1000,1,1,1000,1,1,1,90,0.421135855
1,1,1,0,0,3,1000,1,1,1000,1,1,1,0,3,1000,1,1,1000,1,1,1,90,0.449635823
1,1,1,0,0,3,1000,1,1,1000,1,1,1,0,3,1000,1,1,1000,1,1,1,90,0.441524869
1,1,1,0,0,3,1000,1,1,1000,1,1,1,0,3,1000,1,1,1000,1,1,1,90,0.664958829
1,1,1,0,0,3,1000,1,1,1000,1,1,1,0,3,1000,1,1,1000,1,1,1,90,0.757940548
1,1,1,0,0,3,1000,1,1,1000,1,1,1,0,3,1000,1,1,1000,1,1,1,90,0.418346628
1,1,1,0,0,3,1000,1,1,1000,1,1,1,0,3,1000,1,1,1000,1,1,1,90,0.559751198
1,1,1,0,0,3,1000,1,1,1000,1,1,1,0,3,1000,1,1,1000,1,1,1,90,0.464057724
1,1,1,0,0,3,1000,1,1,1000,1,1,1,0,3,1000,1,1,1000,1,1,1,90,0.549294585
1,1,1,0,0,3,1000,1,1,1000,1,1,1,0,3,1000,1,1,1000,1,1,1,90,0.465200896
1,1,1,0,0,3,1000,1,1,1000,1,1,1,0,3,1000,1,1,1000,1,1,1,90,0.4388862
1,1,1,0,0,3,1000,1,1,1000,1,1,1,0,3,1000,1,1,1000,1,1,1,90,0.471555827
1,1,1,0,0,3,1000,1,1,1000,1,1,1,0,3,1000,1,1,1000,1,1,1,90,0.693713145
1,1,1,0,0,3,1000,1,1,1000,1,1,1,0,3,1000,1,1,1000,1,1,1,90,0.479342165
1,1,1,0,0,3,1000,1,1,1000,1,1,1,0,3,1000,1,1,1000,1,1,1,90,0.468715497
1,1,1,0,0,3,1000,1,1,1000,1,1,1,0,3,1000,1,1,1000,1,1,1,90,0.416608921
1,1,1,0,0,3,1000,1,1,1000,1,1,1,0,3,1000,1,1,1000,1,1,1,90,0.659033255
1,1,1,0,0,3,1000,1,1,1000,1,1,1,0,3,1000,1,1,1000,1,1,1,90,0.824388555
1,1,1,0,0,3,1000,1,1,1000,1,1,1,0,3,1000,1,1,1000,1,1,1,90,0.423090689
1,1,1,0,0,3,1000,1,1,1000,1,1,1,0,3,1000,1,1,1000,1,1,1,90,0.424667065
1,1,1,0,0,3,1000,1,1,1000,1,1,1,0,3,1000,1,1,1000,1,1,1,90,0.567297917
1,1,1,0,0,3,1000,1,1,1000,1,1,1,0,3,1000,1,1,1000,1,1,1,90,0.452644173
1,1,1,0,0,3,1000,1,1,1000,1,1,1,0,3,1000,1,1,1000,1,1,1,90,0.483686285
1,1,1,0,0,3,1000,1,1,1000,1,1,1,0,3,1000,1,1,1000,1,1,1,90,0.414077039
1,1,1,0,0,3,1000,1,1,1000,1,1,1,0,3,1000,1,1,1000,1,1,1,90,0.446773127
1,1,1,0,0,3,1000,1,1,1000,1,1,1,0,3,1000,1,1,1000,1,1,1,90,0.413537104
1,1,1,0,0,3,1000,1,1,1000,1,1,1,0,3,1000,1,1,1000,1,1,1,90,0.436750191
1,1,1,0,0,10,10,1,1,10,1,1,1,0,10,10,1,1,10,1,1,1,90,0.252151137
1,1,1,0,0,1,83,1,1,83,1,1,1,0,1,83,1,1,83,1,1,1,90,0.235607854
1,1,1,0,0,1,83,1,1,83,1,1,1,0,1,83,1,1,83,1,1,1,90,0.222535118
1,1,1,0,0,1,83,1,1,83,1,1,1,0,1,83,1,1,83,1,1,1,90,0.260476372
1,1,1,0,0,1,83,1,1,83,1,1,1,0,1,83,1,1,83,1,1,1,90,0.222783632
1,1,1,0,0,1,83,1,1,83,1,1,1,0,1,83,1,1,83,1,1,1,90,0.239366584
1,1,1,0,0,1,83,1,1,83,1,1,1,0,1,83,1,1,83,1,1,1,90,0.230910752
1,1,1,0,0,1,83,1,1,83,1,1,1,0,1,83,1,1,83,1,1,1,90,0.375287702
1,1,1,0,0,1,83,1,1,83,1,1,1,0,1,83,1,1,83,1,1,1,90,0.22542884
1,1,1,0,0,1,83,1,1,83,1,1,1,0,1,83,1,1,83,1,1,1,90,0.21660576
1,1,1,0,0,1,83,1,1,83,1,1,1,0,1,83,1,1,83,1,1,1,90,0.239909441
1,1,1,0,0,1,83,1,1,83,1,1,1,0,1,83,1,1,83,1,1,1,90,0.218870944
1,1,1,0,0,1,83,1,1,83,1,1,1,0,1,83,1,1,83,1,1,1,90,0.210124347
1,1,1,0,0,1,83,1,1,83,1,1,1,0,1,83,1,1,83,1,1,1,90,0.211359743
1,1,1,0,0,1,83,1,1,83,1,1,1,0,1,83,1,1,83,1,1,1,90,0.234540456
1,1,1,0,0,1,83,1,1,83,1,1,1,0,1,83,1,1,83,1,1,1,90,0.239115693
1,1,1,0,0,1,83,1,1,83,1,1,1,0,1,83,1,1,83,1,1,1,90,0.235885652
1,1,1,0,0,1,83,1,1,83,1,1,1,0,1,83,1,1,83,1,1,1,90,0.232182374
1,1,1,0,0,1,83,1,1,83,1,1,1,0,1,83,1,1,83,1,1,1,90,0.222525044
1,1,1,0,0,1,83,1,1,83,1,1,1,0,1,83,1,1,83,1,1,1,90,0.265271779
1,1,1,0,0,1,83,1,1,83,1,1,1,0,1,83,1,1,83,1,1,1,90,0.270233994
1,1,1,0,0,1,83,1,1,83,1,1,1,0,1,83,1,1,83,1,1,1,90,0.261150181
1,1,1,0,0,1,83,1,1,83,1,1,1,0,1,83,1,1,83,1,1,1,90,0.24210531
1,1,1,0,0,1,83,1,1,83,1,1,1,0,1,83,1,1,83,1,1,1,90,0.080377803
1,1,1,0,0,1,83,1,1,83,1,1,1,0,1,83,1,1,83,1,1,1,90,0.216874097
1,1,1,0,0,1,83,1,1,83,1,1,1,0,1,83,1,1,83,1,1,1,90,0.218869995
1,1,1,0,0,3,1000,1,1,1000,1,1,1,0,3,1000,1,1,1000,1,1,1,100,0.441733009
1,1,1,0,0,3,1000,1,1,1000,1,1,1,0,3,1000,1,1,1000,1,1,1,100,0.459094569
1,1,1,0,0,3,1000,1,1,1000,1,1,1,0,3,1000,1,1,1000,1,1,1,100,0.424735913
1,1,1,0,0,3,1000,1,1,1000,1,1,1,0,3,1000,1,1,1000,1,1,1,100,0.460352828
1,1,1,0,0,3,1000,1,1,1000,1,1,1,0,3,1000,1,1,1000,1,1,1,100,0.439174006
1,1,1,0,0,3,1000,1,1,1000,1,1,1,0,3,1000,1,1,1000,1,1,1,100,0.48094858
1,1,1,0,0,3,1000,1,1,1000,1,1,1,0,3,1000,1,1,1000,1,1,1,100,0.463322425
1,1,1,0,0,3,1000,1,1,1000,1,1,1,0,3,1000,1,1,1000,1,1,1,100,0.463894225
1,1,1,0,0,3,1000,1,1,1000,1,1,1,0,3,1000,1,1,1000,1,1,1,100,0.604829362
1,1,1,0,0,3,1000,1,1,1000,1,1,1,0,3,1000,1,1,1000,1,1,1,100,0.704531867
1,1,1,0,0,3,1000,1,1,1000,1,1,1,0,3,1000,1,1,1000,1,1,1,100,0.500002633
1,1,1,0,0,3,1000,1,1,1000,1,1,1,0,3,1000,1,1,1000,1,1,1,100,0.439069396
1,1,1,0,0,3,1000,1,1,1000,1,1,1,0,3,1000,1,1,1000,1,1,1,100,0.715795493
1,1,1,0,0,3,1000,1,1,1000,1,1,1,0,3,1000,1,1,1000,1,1,1,100,0.472456774
1,1,1,0,0,3,1000,1,1,1000,1,1,1,0,3,1000,1,1,1000,1,1,1,100,0.443420513
1,1,1,0,0,3,1000,1,1,1000,1,1,1,0,3,1000,1,1,1000,1,1,1,100,0.377369546
1,1,1,0,0,3,1000,1,1,1000,1,1,1,0,3,1000,1,1,1000,1,1,1,100,0.469119767
1,1,1,0,0,3,1000,1,1,1000,1,1,1,0,3,1000,1,1,1000,1,1,1,100,0.433639091
1,1,1,0,0,3,1000,1,1,1000,1,1,1,0,3,1000,1,1,1000,1,1,1,100,0.327216941
1,1,1,0,0,3,1000,1,1,1000,1,1,1,0,3,1000,1,1,1000,1,1,1,100,0.68641592
1,1,1,0,0,3,1000,1,1,1000,1,1,1,0,3,1000,1,1,1000,1,1,1,100,0.736566061
1,1,1,0,0,3,1000,1,1,1000,1,1,1,0,3,1000,1,1,1000,1,1,1,100,0.676439444
1,1,1,0,0,3,1000,1,1,1000,1,1,1,0,3,1000,1,1,1000,1,1,1,100,0.51078368
1,1,1,0,0,3,1000,1,1,1000,1,1,1,0,3,1000,1,1,1000,1,1,1,100,0.494262205
1,1,1,0,0,3,1000,1,1,1000,1,1,1,0,3,1000,1,1,1000,1,1,1,100,0.45473544
1,1,1,0,0,3,1000,1,1,1000,1,1,1,0,3,1000,1,1,1000,1,1,1,100,0.429123339
1,1,1,0,0,3,1000,1,1,1000,1,1,1,0,3,1000,1,1,1000,1,1,1,100,0.797651639
1,1,1,0,0,3,1000,1,1,1000,1,1,1,0,3,1000,1,1,1000,1,1,1,100,0.55586753
1,1,1,0,0,3,1000,1,1,1000,1,1,1,0,3,1000,1,1,1000,1,1,1,100,0.443634557
1,1,1,0,0,3,1000,1,1,1000,1,1,1,0,3,1000,1,1,1000,1,1,1,100,0.500570782
1,1,1,0,0,10,10,1,1,10,1,1,1,0,10,10,1,1,10,1,1,1,100,0.215476964
1,1,1,0,0,1,83,1,1,83,1,1,1,0,1,83,1,1,83,1,1,1,100,0.254778162
1,1,1,0,0,1,83,1,1,83,1,1,1,0,1,83,1,1,83,1,1,1,100,0.247422154
1,1,1,0,0,1,83,1,1,83,1,1,1,0,1,83,1,1,83,1,1,1,100,0.23356479
1,1,1,0,0,1,83,1,1,83,1,1,1,0,1,83,1,1,83,1,1,1,100,0.260758452
1,1,1,0,0,1,83,1,1,83,1,1,1,0,1,83,1,1,83,1,1,1,100,0.239499736
1,1,1,0,0,1,83,1,1,83,1,1,1,0,1,83,1,1,83,1,1,1,100,0.258866475
1,1,1,0,0,1,83,1,1,83,1,1,1,0,1,83,1,1,83,1,1,1,100,0.229444423
1,1,1,0,0,1,83,1,1,83,1,1,1,0,1,83,1,1,83,1,1,1,100,0.32774786
1,1,1,0,0,1,83,1,1,83,1,1,1,0,1,83,1,1,83,1,1,1,100,0.241776735
1,1,1,0,0,1,83,1,1,83,1,1,1,0,1,83,1,1,83,1,1,1,100,0.238158321
1,1,1,0,0,1,83,1,1,83,1,1,1,0,1,83,1,1,83,1,1,1,100,0.233899129
1,1,1,0,0,1,83,1,1,83,1,1,1,0,1,83,1,1,83,1,1,1,100,0.259079443
1,1,1,0,0,1,83,1,1,83,1,1,1,0,1,83,1,1,83,1,1,1,100,0.228500431
1,1,1,0,0,1,83,1,1,83,1,1,1,0,1,83,1,1,83,1,1,1,100,0.204841233
1,1,1,0,0,1,83,1,1,83,1,1,1,0,1,83,1,1,83,1,1,1,100,0.26651362
1,1,1,0,0,1,83,1,1,83,1,1,1,0,1,83,1,1,83,1,1,1,100,0.24067122
1,1,1,0,0,1,83,1,1,83,1,1,1,0,1,83,1,1,83,1,1,1,100,0.215608331
1,1,1,0,0,1,83,1,1,83,1,1,1,0,1,83,1,1,83,1,1,1,100,0.245798705
1,1,1,0,0,1,83,1,1,83,1,1,1,0,1,83,1,1,83,1,1,1,100,0.320426204
1,1,1,0,0,1,83,1,1,83,1,1,1,0,1,83,1,1,83,1,1,1,100,0.244342312
1,1,1,0,0,1,83,1,1,83,1,1,1,0,1,83,1,1,83,1,1,1,100,0.241441555
1,1,1,0,0,1,83,1,1,83,1,1,1,0,1,83,1,1,83,1,1,1,100,0.232786886
1,1,1,0,0,1,83,1,1,83,1,1,1,0,1,83,1,1,83,1,1,1,100,0.238478175
1,1,1,0,0,1,83,1,1,83,1,1,1,0,1,83,1,1,83,1,1,1,100,0.340961471
1,1,1,0,0,1,83,1,1,83,1,1,1,0,1,83,1,1,83,1,1,1,100,0.221574782