1,1,0,1,0,0,32768,500,1,1,500,1,1,1,0,32768,500,1,1,500,1,1,1,100,496.93
1,1,0,1,0,0,1,1,1,119771136,119771136,119771136,119771136,1,0,1,1,1,119771136,119771136,119771136,119771136,1,100,505.35
1,1,0,1,0,0,1,1,1,29942784,29942784,29942784,29942784,1,0,1,1,1,29942784,29942784,29942784,29942784,1,100,500.95000000000005
1,1,0,1,0,0,1,1,1,89828352,89828352,89828352,89828352,1,0,1,1,1,89828352,89828352,89828352,89828352,1,100,506.2
1,1,0,1,0,0,1,1,1,7225344,7225344,7225344,7225344,1,0,1,1,1,7225344,7225344,7225344,7225344,1,100,478.8999999999999
1,1,0,1,0,0,1,1,1,10838016,10838016,10838016,10838016,1,0,1,1,1,10838016,10838016,10838016,10838016,1,100,487.01
1,1,0,1,0,0,1,1,1,14450688,14450688,14450688,14450688,1,0,1,1,1,14450688,14450688,14450688,14450688,1,100,494.04
1,1,0,1,0,0,1,1,1,1806336,1806336,1806336,1806336,1,0,1,1,1,1806336,1806336,1806336,1806336,1,100,396.5
1,1,0,1,0,0,1,1,1,3612672,3612672,3612672,3612672,1,0,1,1,1,3612672,3612672,3612672,3612672,1,100,453.97
1,1,0,1,0,0,1,1,1,21676032,21676032,21676032,21676032,1,0,1,1,1,21676032,21676032,21676032,21676032,1,100,497.43
1,1,0,1,0,0,1,1,1,5419008,5419008,5419008,5419008,1,0,1,1,1,5419008,5419008,5419008,5419008,1,100,470.65
1,1,0,1,0,0,1,1,1,2709504,2709504,2709504,2709504,1,0,1,1,1,2709504,2709504,2709504,2709504,1,100,435.54
1,1,0,1,0,0,1,1,1,5870592,5870592,5870592,5870592,1,0,1,1,1,5870592,5870592,5870592,5870592,1,100,473.17
1,1,0,1,0,0,1,1,1,451584,451584,451584,451584,1,0,1,1,1,451584,451584,451584,451584,1,100,203.78
1,1,0,1,0,0,1,1,1,1354752,1354752,1354752,1354752,1,0,1,1,1,1354752,1354752,1354752,1354752,1,100,368.71
1,1,0,1,0,0,1,1,1,4515840,4515840,4515840,4515840,1,0,1,1,1,4515840,4515840,4515840,4515840,1,100,462.48
1,1,0,1,0,0,1,1,1,3161088,3161088,3161088,3161088,1,0,1,1,1,3161088,3161088,3161088,3161088,1,100,444.86
1,1,0,1,0,0,1,1,1,6322176,6322176,6322176,6322176,1,0,1,1,1,6322176,6322176,6322176,6322176,1,100,477.67999999999995
1,1,0,1,0,0,1,1,1,677376,677376,677376,677376,1,0,1,1,1,677376,677376,677376,677376,1,100,231.16999999999996
1,1,0,1,0,0,1,1,1,4064256,4064256,4064256,4064256,1,0,1,1,1,4064256,4064256,4064256,4064256,1,100,459.13
1,1,0,1,0,0,1,1,1,8128512,8128512,8128512,8128512,1,0,1,1,1,8128512,8128512,8128512,8128512,1,100,482.77
1,1,0,1,0,0,1,1,1,903168,903168,903168,903168,1,0,1,1,1,903168,903168,903168,903168,1,100,293.28
1,1,0,1,0,0,1,1,1,9031680,9031680,9031680,9031680,1,0,1,1,1,9031680,9031680,9031680,9031680,1,100,483.99999999999994
1,1,0,1,0,0,1,1,1,1128960,1128960,1128960,1128960,1,0,1,1,1,1128960,1128960,1128960,1128960,1,100,328.31
1,1,0,1,0,0,1,1,1,2257920,2257920,2257920,2257920,1,0,1,1,1,2257920,2257920,2257920,2257920,1,100,420.78
1,1,0,1,0,0,1,1,1,225792,225792,225792,225792,1,0,1,1,1,225792,225792,225792,225792,1,100,150.27
1,1,0,1,0,0,1,1,1,338688,338688,338688,338688,1,0,1,1,1,338688,338688,338688,338688,1,100,162.95
1,1,0,1,0,0,1,1,1,86704128,86704128,86704128,86704128,1,0,1,1,1,86704128,86704128,86704128,86704128,1,100,506.73999999999995
1,1,0,1,0,0,1,1,1,43352064,43352064,43352064,43352064,1,0,1,1,1,43352064,43352064,43352064,43352064,1,100,503.15000000000003
1,1,0,1,0,0,1,1,1,110592,110592,110592,110592,1,0,1,1,1,110592,110592,110592,110592,1,100,82.03
1,1,0,1,0,0,32768,500,1,1,500,1,1,1,0,32768,500,1,1,500,1,1,1,90,490.88
1,1,0,1,0,0,1,1,1,119771136,119771136,119771136,119771136,1,0,1,1,1,119771136,119771136,119771136,119771136,1,90,500.6
1,1,0,1,0,0,1,1,1,29942784,29942784,29942784,29942784,1,0,1,1,1,29942784,29942784,29942784,29942784,1,90,496.49
1,1,0,1,0,0,1,1,1,89828352,89828352,89828352,89828352,1,0,1,1,1,89828352,89828352,89828352,89828352,1,90,502.58
1,1,0,1,0,0,1,1,1,7225344,7225344,7225344,7225344,1,0,1,1,1,7225344,7225344,7225344,7225344,1,90,474.22
1,1,0,1,0,0,1,1,1,10838016,10838016,10838016,10838016,1,0,1,1,1,10838016,10838016,10838016,10838016,1,90,480.88000000000005
1,1,0,1,0,0,1,1,1,14450688,14450688,14450688,14450688,1,0,1,1,1,14450688,14450688,14450688,14450688,1,90,488.5799999999999
1,1,0,1,0,0,1,1,1,1806336,1806336,1806336,1806336,1,0,1,1,1,1806336,1806336,1806336,1806336,1,90,389.39
1,1,0,1,0,0,1,1,1,3612672,3612672,3612672,3612672,1,0,1,1,1,3612672,3612672,3612672,3612672,1,90,444.06
1,1,0,1,0,0,1,1,1,21676032,21676032,21676032,21676032,1,0,1,1,1,21676032,21676032,21676032,21676032,1,90,491.95
1,1,0,1,0,0,1,1,1,5419008,5419008,5419008,5419008,1,0,1,1,1,5419008,5419008,5419008,5419008,1,90,463.26000000000005
1,1,0,1,0,0,1,1,1,2709504,2709504,2709504,2709504,1,0,1,1,1,2709504,2709504,2709504,2709504,1,90,423.3999999999999
1,1,0,1,0,0,1,1,1,5870592,5870592,5870592,5870592,1,0,1,1,1,5870592,5870592,5870592,5870592,1,90,467.17
1,1,0,1,0,0,1,1,1,451584,451584,451584,451584,1,0,1,1,1,451584,451584,451584,451584,1,90,224.68
1,1,0,1,0,0,1,1,1,1354752,1354752,1354752,1354752,1,0,1,1,1,1354752,1354752,1354752,1354752,1,90,350.84
1,1,0,1,0,0,1,1,1,4515840,4515840,4515840,4515840,1,0,1,1,1,4515840,4515840,4515840,4515840,1,90,456.75
1,1,0,1,0,0,1,1,1,3161088,3161088,3161088,3161088,1,0,1,1,1,3161088,3161088,3161088,3161088,1,90,437.49
1,1,0,1,0,0,1,1,1,6322176,6322176,6322176,6322176,1,0,1,1,1,6322176,6322176,6322176,6322176,1,90,468.33
1,1,0,1,0,0,1,1,1,677376,677376,677376,677376,1,0,1,1,1,677376,677376,677376,677376,1,90,225.87
1,1,0,1,0,0,1,1,1,4064256,4064256,4064256,4064256,1,0,1,1,1,4064256,4064256,4064256,4064256,1,90,448.3
1,1,0,1,0,0,1,1,1,8128512,8128512,8128512,8128512,1,0,1,1,1,8128512,8128512,8128512,8128512,1,90,479.13
1,1,0,1,0,0,1,1,1,903168,903168,903168,903168,1,0,1,1,1,903168,903168,903168,903168,1,90,291.65
1,1,0,1,0,0,1,1,1,9031680,9031680,9031680,9031680,1,0,1,1,1,9031680,9031680,9031680,9031680,1,90,480.54
1,1,0,1,0,0,1,1,1,1128960,1128960,1128960,1128960,1,0,1,1,1,1128960,1128960,1128960,1128960,1,90,324.95
1,1,0,1,0,0,1,1,1,2257920,2257920,2257920,2257920,1,0,1,1,1,2257920,2257920,2257920,2257920,1,90,416.33
1,1,0,1,0,0,1,1,1,225792,225792,225792,225792,1,0,1,1,1,225792,225792,225792,225792,1,90,153.74
1,1,0,1,0,0,1,1,1,338688,338688,338688,338688,1,0,1,1,1,338688,338688,338688,338688,1,90,159.65
1,1,0,1,0,0,1,1,1,86704128,86704128,86704128,86704128,1,0,1,1,1,86704128,86704128,86704128,86704128,1,90,503.38
1,1,0,1,0,0,1,1,1,43352064,43352064,43352064,43352064,1,0,1,1,1,43352064,43352064,43352064,43352064,1,90,499.48
1,1,0,1,0,0,1,1,1,110592,110592,110592,110592,1,0,1,1,1,110592,110592,110592,110592,1,90,80.5
1,1,0,1,0,0,32768,500,1,1,500,1,1,1,0,32768,500,1,1,500,1,1,1,80,479.53
1,1,0,1,0,0,1,1,1,119771136,119771136,119771136,119771136,1,0,1,1,1,119771136,119771136,119771136,119771136,1,80,490.8
1,1,0,1,0,0,1,1,1,29942784,29942784,29942784,29942784,1,0,1,1,1,29942784,29942784,29942784,29942784,1,80,486.37
1,1,0,1,0,0,1,1,1,89828352,89828352,89828352,89828352,1,0,1,1,1,89828352,89828352,89828352,89828352,1,80,493.29
1,1,0,1,0,0,1,1,1,7225344,7225344,7225344,7225344,1,0,1,1,1,7225344,7225344,7225344,7225344,1,80,462.45
1,1,0,1,0,0,1,1,1,10838016,10838016,10838016,10838016,1,0,1,1,1,10838016,10838016,10838016,10838016,1,80,466.54
1,1,0,1,0,0,1,1,1,14450688,14450688,14450688,14450688,1,0,1,1,1,14450688,14450688,14450688,14450688,1,80,476.91
1,1,0,1,0,0,1,1,1,1806336,1806336,1806336,1806336,1,0,1,1,1,1806336,1806336,1806336,1806336,1,80,371.55
1,1,0,1,0,0,1,1,1,3612672,3612672,3612672,3612672,1,0,1,1,1,3612672,3612672,3612672,3612672,1,80,428.58
1,1,0,1,0,0,1,1,1,21676032,21676032,21676032,21676032,1,0,1,1,1,21676032,21676032,21676032,21676032,1,80,481.4
1,1,0,1,0,0,1,1,1,5419008,5419008,5419008,5419008,1,0,1,1,1,5419008,5419008,5419008,5419008,1,80,450.7
1,1,0,1,0,0,1,1,1,2709504,2709504,2709504,2709504,1,0,1,1,1,2709504,2709504,2709504,2709504,1,80,411.61
1,1,0,1,0,0,1,1,1,5870592,5870592,5870592,5870592,1,0,1,1,1,5870592,5870592,5870592,5870592,1,80,451.00000000000006
1,1,0,1,0,0,1,1,1,451584,451584,451584,451584,1,0,1,1,1,451584,451584,451584,451584,1,80,198.4
1,1,0,1,0,0,1,1,1,1354752,1354752,1354752,1354752,1,0,1,1,1,1354752,1354752,1354752,1354752,1,80,339.46
1,1,0,1,0,0,1,1,1,4515840,4515840,4515840,4515840,1,0,1,1,1,4515840,4515840,4515840,4515840,1,80,441.03
1,1,0,1,0,0,1,1,1,3161088,3161088,3161088,3161088,1,0,1,1,1,3161088,3161088,3161088,3161088,1,80,423.37
1,1,0,1,0,0,1,1,1,6322176,6322176,6322176,6322176,1,0,1,1,1,6322176,6322176,6322176,6322176,1,80,454.29999999999995
1,1,0,1,0,0,1,1,1,677376,677376,677376,677376,1,0,1,1,1,677376,677376,677376,677376,1,80,219.05
1,1,0,1,0,0,1,1,1,4064256,4064256,4064256,4064256,1,0,1,1,1,4064256,4064256,4064256,4064256,1,80,441.73
1,1,0,1,0,0,1,1,1,8128512,8128512,8128512,8128512,1,0,1,1,1,8128512,8128512,8128512,8128512,1,80,466.53
1,1,0,1,0,0,1,1,1,903168,903168,903168,903168,1,0,1,1,1,903168,903168,903168,903168,1,80,274.53
1,1,0,1,0,0,1,1,1,9031680,9031680,9031680,9031680,1,0,1,1,1,9031680,9031680,9031680,9031680,1,80,470.9
1,1,0,1,0,0,1,1,1,1128960,1128960,1128960,1128960,1,0,1,1,1,1128960,1128960,1128960,1128960,1,80,308.72
1,1,0,1,0,0,1,1,1,2257920,2257920,2257920,2257920,1,0,1,1,1,2257920,2257920,2257920,2257920,1,80,395.74
1,1,0,1,0,0,1,1,1,225792,225792,225792,225792,1,0,1,1,1,225792,225792,225792,225792,1,80,143.66
1,1,0,1,0,0,1,1,1,338688,338688,338688,338688,1,0,1,1,1,338688,338688,338688,338688,1,80,162.95
1,1,0,1,0,0,1,1,1,86704128,86704128,86704128,86704128,1,0,1,1,1,86704128,86704128,86704128,86704128,1,80,494.8999999999999
1,1,0,1,0,0,1,1,1,43352064,43352064,43352064,43352064,1,0,1,1,1,43352064,43352064,43352064,43352064,1,80,490.43
1,1,0,1,0,0,1,1,1,110592,110592,110592,110592,1,0,1,1,1,110592,110592,110592,110592,1,80,81.0
1,1,0,1,0,0,32768,500,1,1,500,1,1,1,0,32768,500,1,1,500,1,1,1,70,444.51
1,1,0,1,0,0,1,1,1,119771136,119771136,119771136,119771136,1,0,1,1,1,119771136,119771136,119771136,119771136,1,70,461.5
1,1,0,1,0,0,1,1,1,29942784,29942784,29942784,29942784,1,0,1,1,1,29942784,29942784,29942784,29942784,1,70,454.6
1,1,0,1,0,0,1,1,1,89828352,89828352,89828352,89828352,1,0,1,1,1,89828352,89828352,89828352,89828352,1,70,461.95
1,1,0,1,0,0,1,1,1,7225344,7225344,7225344,7225344,1,0,1,1,1,7225344,7225344,7225344,7225344,1,70,429.01
1,1,0,1,0,0,1,1,1,10838016,10838016,10838016,10838016,1,0,1,1,1,10838016,10838016,10838016,10838016,1,70,438.78
1,1,0,1,0,0,1,1,1,14450688,14450688,14450688,14450688,1,0,1,1,1,14450688,14450688,14450688,14450688,1,70,443.61
1,1,0,1,0,0,1,1,1,1806336,1806336,1806336,1806336,1,0,1,1,1,1806336,1806336,1806336,1806336,1,70,345.88
1,1,0,1,0,0,1,1,1,3612672,3612672,3612672,3612672,1,0,1,1,1,3612672,3612672,3612672,3612672,1,70,398.36
1,1,0,1,0,0,1,1,1,21676032,21676032,21676032,21676032,1,0,1,1,1,21676032,21676032,21676032,21676032,1,70,454.49
1,1,0,1,0,0,1,1,1,5419008,5419008,5419008,5419008,1,0,1,1,1,5419008,5419008,5419008,5419008,1,70,417.66
1,1,0,1,0,0,1,1,1,2709504,2709504,2709504,2709504,1,0,1,1,1,2709504,2709504,2709504,2709504,1,70,381.69
1,1,0,1,0,0,1,1,1,5870592,5870592,5870592,5870592,1,0,1,1,1,5870592,5870592,5870592,5870592,1,70,421.02
1,1,0,1,0,0,1,1,1,451584,451584,451584,451584,1,0,1,1,1,451584,451584,451584,451584,1,70,172.38
1,1,0,1,0,0,1,1,1,1354752,1354752,1354752,1354752,1,0,1,1,1,1354752,1354752,1354752,1354752,1,70,311.43
1,1,0,1,0,0,1,1,1,4515840,4515840,4515840,4515840,1,0,1,1,1,4515840,4515840,4515840,4515840,1,70,410.33
1,1,0,1,0,0,1,1,1,3161088,3161088,3161088,3161088,1,0,1,1,1,3161088,3161088,3161088,3161088,1,70,390.45
1,1,0,1,0,0,1,1,1,6322176,6322176,6322176,6322176,1,0,1,1,1,6322176,6322176,6322176,6322176,1,70,425.54
1,1,0,1,0,0,1,1,1,677376,677376,677376,677376,1,0,1,1,1,677376,677376,677376,677376,1,70,200.12
1,1,0,1,0,0,1,1,1,4064256,4064256,4064256,4064256,1,0,1,1,1,4064256,4064256,4064256,4064256,1,70,405.66
1,1,0,1,0,0,1,1,1,8128512,8128512,8128512,8128512,1,0,1,1,1,8128512,8128512,8128512,8128512,1,70,433.08
1,1,0,1,0,0,1,1,1,903168,903168,903168,903168,1,0,1,1,1,903168,903168,903168,903168,1,70,252.57
1,1,0,1,0,0,1,1,1,9031680,9031680,9031680,9031680,1,0,1,1,1,9031680,9031680,9031680,9031680,1,70,434.84000000000003
1,1,0,1,0,0,1,1,1,1128960,1128960,1128960,1128960,1,0,1,1,1,1128960,1128960,1128960,1128960,1,70,292.99
1,1,0,1,0,0,1,1,1,2257920,2257920,2257920,2257920,1,0,1,1,1,2257920,2257920,2257920,2257920,1,70,364.82
1,1,0,1,0,0,1,1,1,225792,225792,225792,225792,1,0,1,1,1,225792,225792,225792,225792,1,70,117.38
1,1,0,1,0,0,1,1,1,338688,338688,338688,338688,1,0,1,1,1,338688,338688,338688,338688,1,70,157.74
1,1,0,1,0,0,1,1,1,86704128,86704128,86704128,86704128,1,0,1,1,1,86704128,86704128,86704128,86704128,1,70,463.58
1,1,0,1,0,0,1,1,1,43352064,43352064,43352064,43352064,1,0,1,1,1,43352064,43352064,43352064,43352064,1,70,461.35
1,1,0,1,0,0,1,1,1,110592,110592,110592,110592,1,0,1,1,1,110592,110592,110592,110592,1,70,75.78
1,1,0,1,0,0,32768,500,1,1,500,1,1,1,0,32768,500,1,1,500,1,1,1,60,403.39
1,1,0,1,0,0,1,1,1,119771136,119771136,119771136,119771136,1,0,1,1,1,119771136,119771136,119771136,119771136,1,60,420.42
1,1,0,1,0,0,1,1,1,29942784,29942784,29942784,29942784,1,0,1,1,1,29942784,29942784,29942784,29942784,1,60,413.87
1,1,0,1,0,0,1,1,1,89828352,89828352,89828352,89828352,1,0,1,1,1,89828352,89828352,89828352,89828352,1,60,419.84
1,1,0,1,0,0,1,1,1,7225344,7225344,7225344,7225344,1,0,1,1,1,7225344,7225344,7225344,7225344,1,60,391.14
1,1,0,1,0,0,1,1,1,10838016,10838016,10838016,10838016,1,0,1,1,1,10838016,10838016,10838016,10838016,1,60,400.93
1,1,0,1,0,0,1,1,1,14450688,14450688,14450688,14450688,1,0,1,1,1,14450688,14450688,14450688,14450688,1,60,404.78
1,1,0,1,0,0,1,1,1,1806336,1806336,1806336,1806336,1,0,1,1,1,1806336,1806336,1806336,1806336,1,60,312.25
1,1,0,1,0,0,1,1,1,3612672,3612672,3612672,3612672,1,0,1,1,1,3612672,3612672,3612672,3612672,1,60,365.92
1,1,0,1,0,0,1,1,1,21676032,21676032,21676032,21676032,1,0,1,1,1,21676032,21676032,21676032,21676032,1,60,411.4700000000001
1,1,0,1,0,0,1,1,1,5419008,5419008,5419008,5419008,1,0,1,1,1,5419008,5419008,5419008,5419008,1,60,380.71
1,1,0,1,0,0,1,1,1,2709504,2709504,2709504,2709504,1,0,1,1,1,2709504,2709504,2709504,2709504,1,60,348.35
1,1,0,1,0,0,1,1,1,5870592,5870592,5870592,5870592,1,0,1,1,1,5870592,5870592,5870592,5870592,1,60,383.65
1,1,0,1,0,0,1,1,1,451584,451584,451584,451584,1,0,1,1,1,451584,451584,451584,451584,1,60,164.31
1,1,0,1,0,0,1,1,1,1354752,1354752,1354752,1354752,1,0,1,1,1,1354752,1354752,1354752,1354752,1,60,285.58
1,1,0,1,0,0,1,1,1,4515840,4515840,4515840,4515840,1,0,1,1,1,4515840,4515840,4515840,4515840,1,60,373.3
1,1,0,1,0,0,1,1,1,3161088,3161088,3161088,3161088,1,0,1,1,1,3161088,3161088,3161088,3161088,1,60,357.01
1,1,0,1,0,0,1,1,1,6322176,6322176,6322176,6322176,1,0,1,1,1,6322176,6322176,6322176,6322176,1,60,385.74
1,1,0,1,0,0,1,1,1,677376,677376,677376,677376,1,0,1,1,1,677376,677376,677376,677376,1,60,186.37
1,1,0,1,0,0,1,1,1,4064256,4064256,4064256,4064256,1,0,1,1,1,4064256,4064256,4064256,4064256,1,60,370.17
1,1,0,1,0,0,1,1,1,8128512,8128512,8128512,8128512,1,0,1,1,1,8128512,8128512,8128512,8128512,1,60,395.31
1,1,0,1,0,0,1,1,1,903168,903168,903168,903168,1,0,1,1,1,903168,903168,903168,903168,1,60,226.70999999999998
1,1,0,1,0,0,1,1,1,9031680,9031680,9031680,9031680,1,0,1,1,1,9031680,9031680,9031680,9031680,1,60,395.25
1,1,0,1,0,0,1,1,1,1128960,1128960,1128960,1128960,1,0,1,1,1,1128960,1128960,1128960,1128960,1,60,265.63
1,1,0,1,0,0,1,1,1,2257920,2257920,2257920,2257920,1,0,1,1,1,2257920,2257920,2257920,2257920,1,60,332.58
1,1,0,1,0,0,1,1,1,225792,225792,225792,225792,1,0,1,1,1,225792,225792,225792,225792,1,60,118.98
1,1,0,1,0,0,1,1,1,338688,338688,338688,338688,1,0,1,1,1,338688,338688,338688,338688,1,60,153.45
1,1,0,1,0,0,1,1,1,86704128,86704128,86704128,86704128,1,0,1,1,1,86704128,86704128,86704128,86704128,1,60,420.73
1,1,0,1,0,0,1,1,1,43352064,43352064,43352064,43352064,1,0,1,1,1,43352064,43352064,43352064,43352064,1,60,417.68
1,1,0,1,0,0,1,1,1,110592,110592,110592,110592,1,0,1,1,1,110592,110592,110592,110592,1,60,79.01
1,1,0,1,0,0,32768,500,1,1,500,1,1,1,0,32768,500,1,1,500,1,1,1,50,337.28
1,1,0,1,0,0,1,1,1,119771136,119771136,119771136,119771136,1,0,1,1,1,119771136,119771136,119771136,119771136,1,50,349.82
1,1,0,1,0,0,1,1,1,29942784,29942784,29942784,29942784,1,0,1,1,1,29942784,29942784,29942784,29942784,1,50,345.63
1,1,0,1,0,0,1,1,1,89828352,89828352,89828352,89828352,1,0,1,1,1,89828352,89828352,89828352,89828352,1,50,349.41
1,1,0,1,0,0,1,1,1,7225344,7225344,7225344,7225344,1,0,1,1,1,7225344,7225344,7225344,7225344,1,50,327.82
1,1,0,1,0,0,1,1,1,10838016,10838016,10838016,10838016,1,0,1,1,1,10838016,10838016,10838016,10838016,1,50,336.21
1,1,0,1,0,0,1,1,1,14450688,14450688,14450688,14450688,1,0,1,1,1,14450688,14450688,14450688,14450688,1,50,338.98
1,1,0,1,0,0,1,1,1,1806336,1806336,1806336,1806336,1,0,1,1,1,1806336,1806336,1806336,1806336,1,50,268.83
1,1,0,1,0,0,1,1,1,3612672,3612672,3612672,3612672,1,0,1,1,1,3612672,3612672,3612672,3612672,1,50,306.17
1,1,0,1,0,0,1,1,1,21676032,21676032,21676032,21676032,1,0,1,1,1,21676032,21676032,21676032,21676032,1,50,344.03
1,1,0,1,0,0,1,1,1,5419008,5419008,5419008,5419008,1,0,1,1,1,5419008,5419008,5419008,5419008,1,50,321.27
1,1,0,1,0,0,1,1,1,2709504,2709504,2709504,2709504,1,0,1,1,1,2709504,2709504,2709504,2709504,1,50,293.21
1,1,0,1,0,0,1,1,1,5870592,5870592,5870592,5870592,1,0,1,1,1,5870592,5870592,5870592,5870592,1,50,323.05
1,1,0,1,0,0,1,1,1,451584,451584,451584,451584,1,0,1,1,1,451584,451584,451584,451584,1,50,147.28
1,1,0,1,0,0,1,1,1,1354752,1354752,1354752,1354752,1,0,1,1,1,1354752,1354752,1354752,1354752,1,50,242.68
1,1,0,1,0,0,1,1,1,4515840,4515840,4515840,4515840,1,0,1,1,1,4515840,4515840,4515840,4515840,1,50,314.97
1,1,0,1,0,0,1,1,1,3161088,3161088,3161088,3161088,1,0,1,1,1,3161088,3161088,3161088,3161088,1,50,301.28
1,1,0,1,0,0,1,1,1,6322176,6322176,6322176,6322176,1,0,1,1,1,6322176,6322176,6322176,6322176,1,50,324.12
1,1,0,1,0,0,1,1,1,677376,677376,677376,677376,1,0,1,1,1,677376,677376,677376,677376,1,50,161.37
1,1,0,1,0,0,1,1,1,4064256,4064256,4064256,4064256,1,0,1,1,1,4064256,4064256,4064256,4064256,1,50,311.02
1,1,0,1,0,0,1,1,1,8128512,8128512,8128512,8128512,1,0,1,1,1,8128512,8128512,8128512,8128512,1,50,331.27
1,1,0,1,0,0,1,1,1,903168,903168,903168,903168,1,0,1,1,1,903168,903168,903168,903168,1,50,197.38999999999996
1,1,0,1,0,0,1,1,1,9031680,9031680,9031680,9031680,1,0,1,1,1,9031680,9031680,9031680,9031680,1,50,330.54
1,1,0,1,0,0,1,1,1,1128960,1128960,1128960,1128960,1,0,1,1,1,1128960,1128960,1128960,1128960,1,50,223.83
1,1,0,1,0,0,1,1,1,2257920,2257920,2257920,2257920,1,0,1,1,1,2257920,2257920,2257920,2257920,1,50,284.27
1,1,0,1,0,0,1,1,1,225792,225792,225792,225792,1,0,1,1,1,225792,225792,225792,225792,1,50,119.5
1,1,0,1,0,0,1,1,1,338688,338688,338688,338688,1,0,1,1,1,338688,338688,338688,338688,1,50,129.75
1,1,0,1,0,0,1,1,1,86704128,86704128,86704128,86704128,1,0,1,1,1,86704128,86704128,86704128,86704128,1,50,349.34
1,1,0,1,0,0,1,1,1,43352064,43352064,43352064,43352064,1,0,1,1,1,43352064,43352064,43352064,43352064,1,50,347.57
1,1,0,1,0,0,1,1,1,110592,110592,110592,110592,1,0,1,1,1,110592,110592,110592,110592,1,50,79.01
1,1,0,1,0,0,32768,500,1,1,500,1,1,1,0,32768,500,1,1,500,1,1,1,40,284.44
1,1,0,1,0,0,1,1,1,119771136,119771136,119771136,119771136,1,0,1,1,1,119771136,119771136,119771136,119771136,1,40,293.94
1,1,0,1,0,0,1,1,1,29942784,29942784,29942784,29942784,1,0,1,1,1,29942784,29942784,29942784,29942784,1,40,290.82
1,1,0,1,0,0,1,1,1,89828352,89828352,89828352,89828352,1,0,1,1,1,89828352,89828352,89828352,89828352,1,40,293.39
1,1,0,1,0,0,1,1,1,7225344,7225344,7225344,7225344,1,0,1,1,1,7225344,7225344,7225344,7225344,1,40,276.33
1,1,0,1,0,0,1,1,1,10838016,10838016,10838016,10838016,1,0,1,1,1,10838016,10838016,10838016,10838016,1,40,284.43
1,1,0,1,0,0,1,1,1,14450688,14450688,14450688,14450688,1,0,1,1,1,14450688,14450688,14450688,14450688,1,40,285.97
1,1,0,1,0,0,1,1,1,1806336,1806336,1806336,1806336,1,0,1,1,1,1806336,1806336,1806336,1806336,1,40,230.75
1,1,0,1,0,0,1,1,1,3612672,3612672,3612672,3612672,1,0,1,1,1,3612672,3612672,3612672,3612672,1,40,260.64
1,1,0,1,0,0,1,1,1,21676032,21676032,21676032,21676032,1,0,1,1,1,21676032,21676032,21676032,21676032,1,40,289.47
1,1,0,1,0,0,1,1,1,5419008,5419008,5419008,5419008,1,0,1,1,1,5419008,5419008,5419008,5419008,1,40,272.11
1,1,0,1,0,0,1,1,1,2709504,2709504,2709504,2709504,1,0,1,1,1,2709504,2709504,2709504,2709504,1,40,251.41
1,1,0,1,0,0,1,1,1,5870592,5870592,5870592,5870592,1,0,1,1,1,5870592,5870592,5870592,5870592,1,40,272.83
1,1,0,1,0,0,1,1,1,451584,451584,451584,451584,1,0,1,1,1,451584,451584,451584,451584,1,40,130.46
1,1,0,1,0,0,1,1,1,1354752,1354752,1354752,1354752,1,0,1,1,1,1354752,1354752,1354752,1354752,1,40,210.43
1,1,0,1,0,0,1,1,1,4515840,4515840,4515840,4515840,1,0,1,1,1,4515840,4515840,4515840,4515840,1,40,267.43
1,1,0,1,0,0,1,1,1,3161088,3161088,3161088,3161088,1,0,1,1,1,3161088,3161088,3161088,3161088,1,40,255.51
1,1,0,1,0,0,1,1,1,6322176,6322176,6322176,6322176,1,0,1,1,1,6322176,6322176,6322176,6322176,1,40,274.14
1,1,0,1,0,0,1,1,1,677376,677376,677376,677376,1,0,1,1,1,677376,677376,677376,677376,1,40,140.53
1,1,0,1,0,0,1,1,1,4064256,4064256,4064256,4064256,1,0,1,1,1,4064256,4064256,4064256,4064256,1,40,263.94
1,1,0,1,0,0,1,1,1,8128512,8128512,8128512,8128512,1,0,1,1,1,8128512,8128512,8128512,8128512,1,40,279.65
1,1,0,1,0,0,1,1,1,903168,903168,903168,903168,1,0,1,1,1,903168,903168,903168,903168,1,40,170.82000000000002
1,1,0,1,0,0,1,1,1,9031680,9031680,9031680,9031680,1,0,1,1,1,9031680,9031680,9031680,9031680,1,40,280.08
1,1,0,1,0,0,1,1,1,1128960,1128960,1128960,1128960,1,0,1,1,1,1128960,1128960,1128960,1128960,1,40,195.76
1,1,0,1,0,0,1,1,1,2257920,2257920,2257920,2257920,1,0,1,1,1,2257920,2257920,2257920,2257920,1,40,240.01
1,1,0,1,0,0,1,1,1,225792,225792,225792,225792,1,0,1,1,1,225792,225792,225792,225792,1,40,105.16
1,1,0,1,0,0,1,1,1,338688,338688,338688,338688,1,0,1,1,1,338688,338688,338688,338688,1,40,128.45
1,1,0,1,0,0,1,1,1,86704128,86704128,86704128,86704128,1,0,1,1,1,86704128,86704128,86704128,86704128,1,40,293.43
1,1,0,1,0,0,1,1,1,43352064,43352064,43352064,43352064,1,0,1,1,1,43352064,43352064,43352064,43352064,1,40,292.1
1,1,0,1,0,0,1,1,1,110592,110592,110592,110592,1,0,1,1,1,110592,110592,110592,110592,1,40,65.79
1,1,0,1,0,0,32768,500,1,1,500,1,1,1,0,32768,500,1,1,500,1,1,1,30,228.71
1,1,0,1,0,0,1,1,1,119771136,119771136,119771136,119771136,1,0,1,1,1,119771136,119771136,119771136,119771136,1,30,235.93
1,1,0,1,0,0,1,1,1,29942784,29942784,29942784,29942784,1,0,1,1,1,29942784,29942784,29942784,29942784,1,30,233.69
1,1,0,1,0,0,1,1,1,89828352,89828352,89828352,89828352,1,0,1,1,1,89828352,89828352,89828352,89828352,1,30,235.72
1,1,0,1,0,0,1,1,1,7225344,7225344,7225344,7225344,1,0,1,1,1,7225344,7225344,7225344,7225344,1,30,224.18
1,1,0,1,0,0,1,1,1,10838016,10838016,10838016,10838016,1,0,1,1,1,10838016,10838016,10838016,10838016,1,30,229.07
1,1,0,1,0,0,1,1,1,14450688,14450688,14450688,14450688,1,0,1,1,1,14450688,14450688,14450688,14450688,1,30,230.24
1,1,0,1,0,0,1,1,1,1806336,1806336,1806336,1806336,1,0,1,1,1,1806336,1806336,1806336,1806336,1,30,187.48
1,1,0,1,0,0,1,1,1,3612672,3612672,3612672,3612672,1,0,1,1,1,3612672,3612672,3612672,3612672,1,30,211.61
1,1,0,1,0,0,1,1,1,21676032,21676032,21676032,21676032,1,0,1,1,1,21676032,21676032,21676032,21676032,1,30,232.65
1,1,0,1,0,0,1,1,1,5419008,5419008,5419008,5419008,1,0,1,1,1,5419008,5419008,5419008,5419008,1,30,219.45
1,1,0,1,0,0,1,1,1,2709504,2709504,2709504,2709504,1,0,1,1,1,2709504,2709504,2709504,2709504,1,30,202.03999999999996
1,1,0,1,0,0,1,1,1,5870592,5870592,5870592,5870592,1,0,1,1,1,5870592,5870592,5870592,5870592,1,30,219.82
1,1,0,1,0,0,1,1,1,451584,451584,451584,451584,1,0,1,1,1,451584,451584,451584,451584,1,30,107.77
1,1,0,1,0,0,1,1,1,1354752,1354752,1354752,1354752,1,0,1,1,1,1354752,1354752,1354752,1354752,1,30,172.49
1,1,0,1,0,0,1,1,1,4515840,4515840,4515840,4515840,1,0,1,1,1,4515840,4515840,4515840,4515840,1,30,215.27
1,1,0,1,0,0,1,1,1,3161088,3161088,3161088,3161088,1,0,1,1,1,3161088,3161088,3161088,3161088,1,30,208.16
1,1,0,1,0,0,1,1,1,6322176,6322176,6322176,6322176,1,0,1,1,1,6322176,6322176,6322176,6322176,1,30,221.46
1,1,0,1,0,0,1,1,1,677376,677376,677376,677376,1,0,1,1,1,677376,677376,677376,677376,1,30,114.82000000000001
1,1,0,1,0,0,1,1,1,4064256,4064256,4064256,4064256,1,0,1,1,1,4064256,4064256,4064256,4064256,1,30,214.66
1,1,0,1,0,0,1,1,1,8128512,8128512,8128512,8128512,1,0,1,1,1,8128512,8128512,8128512,8128512,1,30,225.4
1,1,0,1,0,0,1,1,1,903168,903168,903168,903168,1,0,1,1,1,903168,903168,903168,903168,1,30,142.45
1,1,0,1,0,0,1,1,1,9031680,9031680,9031680,9031680,1,0,1,1,1,9031680,9031680,9031680,9031680,1,30,225.54999999999998
1,1,0,1,0,0,1,1,1,1128960,1128960,1128960,1128960,1,0,1,1,1,1128960,1128960,1128960,1128960,1,30,160.63
1,1,0,1,0,0,1,1,1,2257920,2257920,2257920,2257920,1,0,1,1,1,2257920,2257920,2257920,2257920,1,30,197.72
1,1,0,1,0,0,1,1,1,225792,225792,225792,225792,1,0,1,1,1,225792,225792,225792,225792,1,30,89.12
1,1,0,1,0,0,1,1,1,338688,338688,338688,338688,1,0,1,1,1,338688,338688,338688,338688,1,30,102.42
1,1,0,1,0,0,1,1,1,86704128,86704128,86704128,86704128,1,0,1,1,1,86704128,86704128,86704128,86704128,1,30,235.37
1,1,0,1,0,0,1,1,1,43352064,43352064,43352064,43352064,1,0,1,1,1,43352064,43352064,43352064,43352064,1,30,234.84
1,1,0,1,0,0,1,1,1,110592,110592,110592,110592,1,0,1,1,1,110592,110592,110592,110592,1,30,61.61999999999999
1,1,0,1,0,0,32768,500,1,1,500,1,1,1,0,32768,500,1,1,500,1,1,1,20,152.59
1,1,0,1,0,0,1,1,1,119771136,119771136,119771136,119771136,1,0,1,1,1,119771136,119771136,119771136,119771136,1,20,156.94
1,1,0,1,0,0,1,1,1,29942784,29942784,29942784,29942784,1,0,1,1,1,29942784,29942784,29942784,29942784,1,20,155.81
1,1,0,1,0,0,1,1,1,89828352,89828352,89828352,89828352,1,0,1,1,1,89828352,89828352,89828352,89828352,1,20,156.64
1,1,0,1,0,0,1,1,1,7225344,7225344,7225344,7225344,1,0,1,1,1,7225344,7225344,7225344,7225344,1,20,149.7
1,1,0,1,0,0,1,1,1,10838016,10838016,10838016,10838016,1,0,1,1,1,10838016,10838016,10838016,10838016,1,20,152.39
1,1,0,1,0,0,1,1,1,14450688,14450688,14450688,14450688,1,0,1,1,1,14450688,14450688,14450688,14450688,1,20,153.59
1,1,0,1,0,0,1,1,1,1806336,1806336,1806336,1806336,1,0,1,1,1,1806336,1806336,1806336,1806336,1,20,126.87000000000002
1,1,0,1,0,0,1,1,1,3612672,3612672,3612672,3612672,1,0,1,1,1,3612672,3612672,3612672,3612672,1,20,141.92
1,1,0,1,0,0,1,1,1,21676032,21676032,21676032,21676032,1,0,1,1,1,21676032,21676032,21676032,21676032,1,20,155.21
1,1,0,1,0,0,1,1,1,5419008,5419008,5419008,5419008,1,0,1,1,1,5419008,5419008,5419008,5419008,1,20,146.93
1,1,0,1,0,0,1,1,1,2709504,2709504,2709504,2709504,1,0,1,1,1,2709504,2709504,2709504,2709504,1,20,137.68
1,1,0,1,0,0,1,1,1,5870592,5870592,5870592,5870592,1,0,1,1,1,5870592,5870592,5870592,5870592,1,20,148.03
1,1,0,1,0,0,1,1,1,451584,451584,451584,451584,1,0,1,1,1,451584,451584,451584,451584,1,20,75.54
1,1,0,1,0,0,1,1,1,1354752,1354752,1354752,1354752,1,0,1,1,1,1354752,1354752,1354752,1354752,1,20,117.79
1,1,0,1,0,0,1,1,1,4515840,4515840,4515840,4515840,1,0,1,1,1,4515840,4515840,4515840,4515840,1,20,144.19
1,1,0,1,0,0,1,1,1,3161088,3161088,3161088,3161088,1,0,1,1,1,3161088,3161088,3161088,3161088,1,20,139.34
1,1,0,1,0,0,1,1,1,6322176,6322176,6322176,6322176,1,0,1,1,1,6322176,6322176,6322176,6322176,1,20,147.83
1,1,0,1,0,0,1,1,1,677376,677376,677376,677376,1,0,1,1,1,677376,677376,677376,677376,1,20,80.3
1,1,0,1,0,0,1,1,1,4064256,4064256,4064256,4064256,1,0,1,1,1,4064256,4064256,4064256,4064256,1,20,143.91
1,1,0,1,0,0,1,1,1,8128512,8128512,8128512,8128512,1,0,1,1,1,8128512,8128512,8128512,8128512,1,20,150.67
1,1,0,1,0,0,1,1,1,903168,903168,903168,903168,1,0,1,1,1,903168,903168,903168,903168,1,20,96.07
1,1,0,1,0,0,1,1,1,9031680,9031680,9031680,9031680,1,0,1,1,1,9031680,9031680,9031680,9031680,1,20,150.82
1,1,0,1,0,0,1,1,1,1128960,1128960,1128960,1128960,1,0,1,1,1,1128960,1128960,1128960,1128960,1,20,109.96
1,1,0,1,0,0,1,1,1,2257920,2257920,2257920,2257920,1,0,1,1,1,2257920,2257920,2257920,2257920,1,20,132.19
1,1,0,1,0,0,1,1,1,225792,225792,225792,225792,1,0,1,1,1,225792,225792,225792,225792,1,20,66.9
1,1,0,1,0,0,1,1,1,338688,338688,338688,338688,1,0,1,1,1,338688,338688,338688,338688,1,20,72.62
1,1,0,1,0,0,1,1,1,86704128,86704128,86704128,86704128,1,0,1,1,1,86704128,86704128,86704128,86704128,1,20,156.76
1,1,0,1,0,0,1,1,1,43352064,43352064,43352064,43352064,1,0,1,1,1,43352064,43352064,43352064,43352064,1,20,156.4
1,1,0,1,0,0,1,1,1,110592,110592,110592,110592,1,0,1,1,1,110592,110592,110592,110592,1,20,50.31
1,1,0,1,0,0,32768,500,1,1,500,1,1,1,0,32768,500,1,1,500,1,1,1,10,90.39
1,1,0,1,0,0,1,1,1,119771136,119771136,119771136,119771136,1,0,1,1,1,119771136,119771136,119771136,119771136,1,10,93.2
1,1,0,1,0,0,1,1,1,29942784,29942784,29942784,29942784,1,0,1,1,1,29942784,29942784,29942784,29942784,1,10,92.51
1,1,0,1,0,0,1,1,1,89828352,89828352,89828352,89828352,1,0,1,1,1,89828352,89828352,89828352,89828352,1,10,92.9
1,1,0,1,0,0,1,1,1,7225344,7225344,7225344,7225344,1,0,1,1,1,7225344,7225344,7225344,7225344,1,10,89.35
1,1,0,1,0,0,1,1,1,10838016,10838016,10838016,10838016,1,0,1,1,1,10838016,10838016,10838016,10838016,1,10,90.54
1,1,0,1,0,0,1,1,1,14450688,14450688,14450688,14450688,1,0,1,1,1,14450688,14450688,14450688,14450688,1,10,91.24
1,1,0,1,0,0,1,1,1,1806336,1806336,1806336,1806336,1,0,1,1,1,1806336,1806336,1806336,1806336,1,10,75.85
1,1,0,1,0,0,1,1,1,3612672,3612672,3612672,3612672,1,0,1,1,1,3612672,3612672,3612672,3612672,1,10,84.52
1,1,0,1,0,0,1,1,1,21676032,21676032,21676032,21676032,1,0,1,1,1,21676032,21676032,21676032,21676032,1,10,92.08
1,1,0,1,0,0,1,1,1,5419008,5419008,5419008,5419008,1,0,1,1,1,5419008,5419008,5419008,5419008,1,10,88.25
1,1,0,1,0,0,1,1,1,2709504,2709504,2709504,2709504,1,0,1,1,1,2709504,2709504,2709504,2709504,1,10,81.3
1,1,0,1,0,0,1,1,1,5870592,5870592,5870592,5870592,1,0,1,1,1,5870592,5870592,5870592,5870592,1,10,87.9
1,1,0,1,0,0,1,1,1,451584,451584,451584,451584,1,0,1,1,1,451584,451584,451584,451584,1,10,46.12
1,1,0,1,0,0,1,1,1,1354752,1354752,1354752,1354752,1,0,1,1,1,1354752,1354752,1354752,1354752,1,10,70.19
1,1,0,1,0,0,1,1,1,4515840,4515840,4515840,4515840,1,0,1,1,1,4515840,4515840,4515840,4515840,1,10,86.45
1,1,0,1,0,0,1,1,1,3161088,3161088,3161088,3161088,1,0,1,1,1,3161088,3161088,3161088,3161088,1,10,83.57
1,1,0,1,0,0,1,1,1,6322176,6322176,6322176,6322176,1,0,1,1,1,6322176,6322176,6322176,6322176,1,10,88.06
1,1,0,1,0,0,1,1,1,677376,677376,677376,677376,1,0,1,1,1,677376,677376,677376,677376,1,10,49.35
1,1,0,1,0,0,1,1,1,4064256,4064256,4064256,4064256,1,0,1,1,1,4064256,4064256,4064256,4064256,1,10,85.55
1,1,0,1,0,0,1,1,1,8128512,8128512,8128512,8128512,1,0,1,1,1,8128512,8128512,8128512,8128512,1,10,89.76
1,1,0,1,0,0,1,1,1,903168,903168,903168,903168,1,0,1,1,1,903168,903168,903168,903168,1,10,58.19
1,1,0,1,0,0,1,1,1,9031680,9031680,9031680,9031680,1,0,1,1,1,9031680,9031680,9031680,9031680,1,10,89.71
1,1,0,1,0,0,1,1,1,1128960,1128960,1128960,1128960,1,0,1,1,1,1128960,1128960,1128960,1128960,1,10,65.27
1,1,0,1,0,0,1,1,1,2257920,2257920,2257920,2257920,1,0,1,1,1,2257920,2257920,2257920,2257920,1,10,79.56
1,1,0,1,0,0,1,1,1,225792,225792,225792,225792,1,0,1,1,1,225792,225792,225792,225792,1,10,42.54
1,1,0,1,0,0,1,1,1,338688,338688,338688,338688,1,0,1,1,1,338688,338688,338688,338688,1,10,45.33
1,1,0,1,0,0,1,1,1,86704128,86704128,86704128,86704128,1,0,1,1,1,86704128,86704128,86704128,86704128,1,10,92.96999999999998
1,1,0,1,0,0,1,1,1,43352064,43352064,43352064,43352064,1,0,1,1,1,43352064,43352064,43352064,43352064,1,10,92.76
1,1,0,1,0,0,1,1,1,110592,110592,110592,110592,1,0,1,1,1,110592,110592,110592,110592,1,10,36.69
