1,0,0,32768,1,28,28,784,784,28,1,0,0,20,1,5,5,0,0,1,1,1,1,1,0,1,3464,0,32768,20,24,24,11520,576,24,1,100,278.5226418633337
1,0,0,32768,20,12,12,2880,144,12,1,0,0,50,20,5,5,0,0,1,1,1,1,1,0,1,392,0,32768,50,8,8,3200,64,8,1,100,60.11515219457955
1,0,0,32,3,152,152,69312,23104,152,1,0,0,32,3,11,11,0,0,1,1,1,1,1,0,0,0,0,32,32,142,142,645248,20164,142,1,100,29.090000000000003
1,0,0,32,32,71,71,161312,5041,71,1,0,0,16,32,9,9,0,0,1,1,1,1,1,0,0,0,0,32,16,63,63,63504,3969,63,1,100,6.13
1,0,0,144,3,227,227,154587,51529,227,1,0,0,64,3,7,7,3,3,2,2,1,1,1,0,1,77984,0,144,64,114,114,831744,12996,114,1,100,141.2691606326138
1,0,0,144,64,57,57,207936,3249,57,1,0,0,64,64,1,1,0,0,1,1,1,1,1,0,1,19500,0,144,64,57,57,207936,3249,57,1,100,452.20835992466425
1,0,0,144,64,57,57,207936,3249,57,1,0,0,192,64,3,3,1,1,1,1,1,1,1,0,6,1229568,0,144,192,57,57,623808,3249,57,1,100,85.27658689609419
1,0,0,144,192,28,28,150528,784,28,1,0,0,64,192,1,1,0,0,1,1,1,1,1,0,1,4712,0,144,64,28,28,50176,784,28,1,100,339.1865020083817
1,0,0,144,192,28,28,150528,784,28,1,0,0,96,192,1,1,0,0,1,1,1,1,1,0,1,4712,0,144,96,28,28,75264,784,28,1,100,472.8248617262085
1,0,0,144,96,28,28,75264,784,28,1,0,0,128,96,3,3,1,1,1,1,1,1,1,0,6,1229312,0,144,128,28,28,100352,784,28,1,100,75.61696761087913
1,0,0,144,192,28,28,150528,784,28,1,0,0,16,192,1,1,0,0,1,1,1,1,1,0,1,4712,0,144,16,28,28,12544,784,28,1,100,431.13447927786495
1,0,0,144,16,28,28,12544,784,28,1,0,0,32,16,5,5,2,2,1,1,1,1,1,0,1,4712,0,144,32,28,28,25088,784,28,1,100,51.183400016717584
1,0,0,144,192,28,28,150528,784,28,1,0,0,32,192,1,1,0,0,1,1,1,1,1,0,1,4712,0,144,32,28,28,25088,784,28,1,100,456.95732703125003
1,0,0,144,256,28,28,200704,784,28,1,0,0,128,256,1,1,0,0,1,1,1,1,1,0,1,4712,0,144,128,28,28,100352,784,28,1,100,356.72057866625715
1,0,0,144,128,28,28,100352,784,28,1,0,0,192,128,3,3,1,1,1,1,1,1,1,0,6,2458368,0,144,192,28,28,150528,784,28,1,100,57.136101349140674
1,0,0,144,256,28,28,200704,784,28,1,0,0,32,256,1,1,0,0,1,1,1,1,1,0,1,4712,0,144,32,28,28,25088,784,28,1,100,472.52788551002544
1,0,0,144,32,28,28,25088,784,28,1,0,0,96,32,5,5,2,2,1,1,1,1,1,0,1,4712,0,144,96,28,28,75264,784,28,1,100,42.09099658421735
1,0,0,144,256,28,28,200704,784,28,1,0,0,64,256,1,1,0,0,1,1,1,1,1,0,1,4712,0,144,64,28,28,50176,784,28,1,100,330.0520589014225
1,0,0,144,480,14,14,94080,196,14,1,0,0,192,480,1,1,0,0,1,1,1,1,1,0,1,1184,0,144,192,14,14,37632,196,14,1,100,334.87009920375675
1,0,0,144,480,14,14,94080,196,14,1,0,0,96,480,1,1,0,0,1,1,1,1,1,0,1,1184,0,144,96,14,14,18816,196,14,1,100,150.42735202171957
1,0,0,144,96,14,14,18816,196,14,1,0,0,208,96,3,3,1,1,1,1,1,1,1,0,6,2095936,0,144,208,14,14,40768,196,14,1,100,36.89204139228598
1,0,0,144,480,14,14,94080,196,14,1,0,0,16,480,1,1,0,0,1,1,1,1,1,0,1,1184,0,144,16,14,14,3136,196,14,1,100,367.848730256373
1,0,0,144,16,14,14,3136,196,14,1,0,0,48,16,5,5,2,2,1,1,1,1,1,0,1,1184,0,144,48,14,14,9408,196,14,1,100,22.539145973530164
1,0,0,144,480,14,14,94080,196,14,1,0,0,64,480,1,1,0,0,1,1,1,1,1,0,1,1184,0,144,64,14,14,12544,196,14,1,100,249.84430891689405
1,0,0,144,512,14,14,100352,196,14,1,0,0,160,512,1,1,0,0,1,1,1,1,1,0,1,1184,0,144,160,14,14,31360,196,14,1,100,433.3293140323848
1,0,0,144,512,14,14,100352,196,14,1,0,0,112,512,1,1,0,0,1,1,1,1,1,0,1,1184,0,144,112,14,14,21952,196,14,1,100,156.44561349763077
1,0,0,144,112,14,14,21952,196,14,1,0,0,224,112,3,3,1,1,1,1,1,1,1,0,6,2509696,0,144,224,14,14,43904,196,14,1,100,36.37522876055361
1,0,0,144,512,14,14,100352,196,14,1,0,0,24,512,1,1,0,0,1,1,1,1,1,0,1,1184,0,144,24,14,14,4704,196,14,1,100,365.4634641168945
1,0,0,144,24,14,14,4704,196,14,1,0,0,64,24,5,5,2,2,1,1,1,1,1,0,1,1184,0,144,64,14,14,12544,196,14,1,100,24.72403624377586
1,0,0,144,512,14,14,100352,196,14,1,0,0,64,512,1,1,0,0,1,1,1,1,1,0,1,1184,0,144,64,14,14,12544,196,14,1,100,251.54524385983606
1,0,0,144,512,14,14,100352,196,14,1,0,0,128,512,1,1,0,0,1,1,1,1,1,0,1,1184,0,144,128,14,14,25088,196,14,1,100,159.1656577446622
1,0,0,144,128,14,14,25088,196,14,1,0,0,256,128,3,3,1,1,1,1,1,1,1,0,6,3277824,0,144,256,14,14,50176,196,14,1,100,33.06463357007341
1,0,0,144,512,14,14,100352,196,14,1,0,0,144,512,1,1,0,0,1,1,1,1,1,0,1,1184,0,144,144,14,14,28224,196,14,1,100,434.5365045738374
1,0,0,144,144,14,14,28224,196,14,1,0,0,288,144,3,3,1,1,1,1,1,1,1,0,6,4148352,0,144,288,14,14,56448,196,14,1,100,30.90548902880475
1,0,0,144,512,14,14,100352,196,14,1,0,0,32,512,1,1,0,0,1,1,1,1,1,0,1,1184,0,144,32,14,14,6272,196,14,1,100,361.51392747880936
1,0,0,144,32,14,14,6272,196,14,1,0,0,64,32,5,5,2,2,1,1,1,1,1,0,1,1184,0,144,64,14,14,12544,196,14,1,100,21.285645047795004
1,0,0,144,528,14,14,103488,196,14,1,0,0,256,528,1,1,0,0,1,1,1,1,1,0,1,1184,0,144,256,14,14,50176,196,14,1,100,186.18582910778144
1,0,0,144,528,14,14,103488,196,14,1,0,0,160,528,1,1,0,0,1,1,1,1,1,0,1,1184,0,144,160,14,14,31360,196,14,1,100,438.62798002412285
1,0,0,144,160,14,14,31360,196,14,1,0,0,320,160,3,3,1,1,1,1,1,1,1,0,6,5121280,0,144,320,14,14,62720,196,14,1,100,29.81673559488321
1,0,0,144,528,14,14,103488,196,14,1,0,0,32,528,1,1,0,0,1,1,1,1,1,0,1,1184,0,144,32,14,14,6272,196,14,1,100,370.8523665337604
1,0,0,144,32,14,14,6272,196,14,1,0,0,128,32,5,5,2,2,1,1,1,1,1,0,1,1184,0,144,128,14,14,25088,196,14,1,100,24.832679034425624
1,0,0,144,528,14,14,103488,196,14,1,0,0,128,528,1,1,0,0,1,1,1,1,1,0,1,1184,0,144,128,14,14,25088,196,14,1,100,160.73632444821428
1,0,0,144,832,7,7,40768,49,7,1,0,0,256,832,1,1,0,0,1,1,1,1,1,0,1,300,0,144,256,7,7,12544,49,7,1,100,179.13344165806927
1,0,0,144,832,7,7,40768,49,7,1,0,0,160,832,1,1,0,0,1,1,1,1,1,0,1,300,0,144,160,7,7,7840,49,7,1,100,194.7778815190829
1,0,0,144,160,7,7,7840,49,7,1,0,0,320,160,3,3,1,1,1,1,1,1,1,0,1,300,0,144,320,7,7,15680,49,7,1,100,27.53375586597007
1,0,0,144,832,7,7,40768,49,7,1,0,0,32,832,1,1,0,0,1,1,1,1,1,0,1,300,0,144,32,7,7,1568,49,7,1,100,129.63750350244823
1,0,0,144,32,7,7,1568,49,7,1,0,0,128,32,5,5,2,2,1,1,1,1,1,0,1,300,0,144,128,7,7,6272,49,7,1,100,11.905269967859212
1,0,0,144,832,7,7,40768,49,7,1,0,0,128,832,1,1,0,0,1,1,1,1,1,0,1,300,0,144,128,7,7,6272,49,7,1,100,117.77060899671469
1,0,0,144,832,7,7,40768,49,7,1,0,0,384,832,1,1,0,0,1,1,1,1,1,0,1,300,0,144,384,7,7,18816,49,7,1,100,199.0245259580085
1,0,0,144,832,7,7,40768,49,7,1,0,0,192,832,1,1,0,0,1,1,1,1,1,0,1,300,0,144,192,7,7,9408,49,7,1,100,195.0596710149569
1,0,0,144,192,7,7,9408,49,7,1,0,0,384,192,3,3,1,1,1,1,1,1,1,0,1,300,0,144,384,7,7,18816,49,7,1,100,32.548541645088996
1,0,0,144,832,7,7,40768,49,7,1,0,0,48,832,1,1,0,0,1,1,1,1,1,0,1,300,0,144,48,7,7,2352,49,7,1,100,175.47440369284692
1,0,0,144,48,7,7,2352,49,7,1,0,0,128,48,5,5,2,2,1,1,1,1,1,0,1,300,0,144,128,7,7,6272,49,7,1,100,10.465731323684883
1,0,0,27,3,224,224,150528,50176,224,1,0,0,64,3,3,3,1,1,1,1,1,1,1,0,1,301064,0,27,64,224,224,3211264,50176,224,1,100,426.9975692974939
1,0,0,27,64,224,224,3211264,50176,224,1,0,0,64,64,3,3,1,1,1,1,1,1,1,0,6,409856,0,27,64,224,224,3211264,50176,224,1,100,183.09884492839376
1,0,0,27,64,112,112,802816,12544,112,1,0,0,128,64,3,3,1,1,1,1,1,1,1,0,6,819712,0,27,128,112,112,1605632,12544,112,1,100,114.68290021208624
1,0,0,27,128,112,112,1605632,12544,112,1,0,0,128,128,3,3,1,1,1,1,1,1,1,0,6,1638912,0,27,128,112,112,1605632,12544,112,1,100,108.08881623560228
1,0,0,27,128,56,56,401408,3136,56,1,0,0,256,128,3,3,1,1,1,1,1,1,1,0,6,3277824,0,27,256,56,56,802816,3136,56,1,100,62.233762914627505
1,0,0,27,256,56,56,802816,3136,56,1,0,0,256,256,3,3,1,1,1,1,1,1,1,0,6,6554624,0,27,256,56,56,802816,3136,56,1,100,106.08191912626859
1,0,0,27,256,28,28,200704,784,28,1,0,0,512,256,3,3,1,1,1,1,1,1,1,0,6,13109248,0,27,512,28,28,401408,784,28,1,100,31.148757879641657
1,0,0,27,512,28,28,401408,784,28,1,0,0,512,512,3,3,1,1,1,1,1,1,1,0,6,26216448,0,27,512,28,28,401408,784,28,1,100,27.561406321281723
1,0,0,27,512,14,14,100352,196,14,1,0,0,512,512,3,3,1,1,1,1,1,1,1,0,6,26216448,0,27,512,14,14,100352,196,14,1,100,26.638726398180268
1,0,0,32768,1,28,28,784,784,28,1,0,0,20,1,5,5,0,0,1,1,1,1,1,0,1,3464,0,32768,20,24,24,11520,576,24,1,90,254.8478082546126
1,0,0,32768,20,12,12,2880,144,12,1,0,0,50,20,5,5,0,0,1,1,1,1,1,0,1,392,0,32768,50,8,8,3200,64,8,1,90,55.127644406567526
1,0,0,32,3,152,152,69312,23104,152,1,0,0,32,3,11,11,0,0,1,1,1,1,1,0,0,0,0,32,32,142,142,645248,20164,142,1,90,26.559999999999995
1,0,0,32,32,71,71,161312,5041,71,1,0,0,16,32,9,9,0,0,1,1,1,1,1,0,0,0,0,32,16,63,63,63504,3969,63,1,90,5.58
1,0,0,144,3,227,227,154587,51529,227,1,0,0,64,3,7,7,3,3,2,2,1,1,1,0,1,77984,0,144,64,114,114,831744,12996,114,1,90,129.3566713665062
1,0,0,144,64,57,57,207936,3249,57,1,0,0,64,64,1,1,0,0,1,1,1,1,1,0,1,19500,0,144,64,57,57,207936,3249,57,1,90,429.3226069241835
1,0,0,144,64,57,57,207936,3249,57,1,0,0,192,64,3,3,1,1,1,1,1,1,1,0,6,1229568,0,144,192,57,57,623808,3249,57,1,90,78.12948349541881
1,0,0,144,192,28,28,150528,784,28,1,0,0,64,192,1,1,0,0,1,1,1,1,1,0,1,4712,0,144,64,28,28,50176,784,28,1,90,318.46369634035597
1,0,0,144,192,28,28,150528,784,28,1,0,0,96,192,1,1,0,0,1,1,1,1,1,0,1,4712,0,144,96,28,28,75264,784,28,1,90,460.34269442500533
1,0,0,144,96,28,28,75264,784,28,1,0,0,128,96,3,3,1,1,1,1,1,1,1,0,6,1229312,0,144,128,28,28,100352,784,28,1,90,69.46062795927784
1,0,0,144,192,28,28,150528,784,28,1,0,0,16,192,1,1,0,0,1,1,1,1,1,0,1,4712,0,144,16,28,28,12544,784,28,1,90,421.18260875
1,0,0,144,16,28,28,12544,784,28,1,0,0,32,16,5,5,2,2,1,1,1,1,1,0,1,4712,0,144,32,28,28,25088,784,28,1,90,45.7318661484518
1,0,0,144,192,28,28,150528,784,28,1,0,0,32,192,1,1,0,0,1,1,1,1,1,0,1,4712,0,144,32,28,28,25088,784,28,1,90,421.3353143644379
1,0,0,144,256,28,28,200704,784,28,1,0,0,128,256,1,1,0,0,1,1,1,1,1,0,1,4712,0,144,128,28,28,100352,784,28,1,90,333.2559871507543
1,0,0,144,128,28,28,100352,784,28,1,0,0,192,128,3,3,1,1,1,1,1,1,1,0,6,2458368,0,144,192,28,28,150528,784,28,1,90,52.33022820895424
1,0,0,144,256,28,28,200704,784,28,1,0,0,32,256,1,1,0,0,1,1,1,1,1,0,1,4712,0,144,32,28,28,25088,784,28,1,90,430.89028534788446
1,0,0,144,32,28,28,25088,784,28,1,0,0,96,32,5,5,2,2,1,1,1,1,1,0,1,4712,0,144,96,28,28,75264,784,28,1,90,38.54451030984758
1,0,0,144,256,28,28,200704,784,28,1,0,0,64,256,1,1,0,0,1,1,1,1,1,0,1,4712,0,144,64,28,28,50176,784,28,1,90,310.54744140528857
1,0,0,144,480,14,14,94080,196,14,1,0,0,192,480,1,1,0,0,1,1,1,1,1,0,1,1184,0,144,192,14,14,37632,196,14,1,90,309.01360617634754
1,0,0,144,480,14,14,94080,196,14,1,0,0,96,480,1,1,0,0,1,1,1,1,1,0,1,1184,0,144,96,14,14,18816,196,14,1,90,151.24013604022593
1,0,0,144,96,14,14,18816,196,14,1,0,0,208,96,3,3,1,1,1,1,1,1,1,0,6,2095936,0,144,208,14,14,40768,196,14,1,90,33.764057691215726
1,0,0,144,480,14,14,94080,196,14,1,0,0,16,480,1,1,0,0,1,1,1,1,1,0,1,1184,0,144,16,14,14,3136,196,14,1,90,362.41775308771923
1,0,0,144,16,14,14,3136,196,14,1,0,0,48,16,5,5,2,2,1,1,1,1,1,0,1,1184,0,144,48,14,14,9408,196,14,1,90,22.27643852728468
1,0,0,144,480,14,14,94080,196,14,1,0,0,64,480,1,1,0,0,1,1,1,1,1,0,1,1184,0,144,64,14,14,12544,196,14,1,90,247.32333304045648
1,0,0,144,512,14,14,100352,196,14,1,0,0,160,512,1,1,0,0,1,1,1,1,1,0,1,1184,0,144,160,14,14,31360,196,14,1,90,426.3285827170604
1,0,0,144,512,14,14,100352,196,14,1,0,0,112,512,1,1,0,0,1,1,1,1,1,0,1,1184,0,144,112,14,14,21952,196,14,1,90,156.5367784036838
1,0,0,144,112,14,14,21952,196,14,1,0,0,224,112,3,3,1,1,1,1,1,1,1,0,6,2509696,0,144,224,14,14,43904,196,14,1,90,33.280530776942776
1,0,0,144,512,14,14,100352,196,14,1,0,0,24,512,1,1,0,0,1,1,1,1,1,0,1,1184,0,144,24,14,14,4704,196,14,1,90,358.4532755338455
1,0,0,144,24,14,14,4704,196,14,1,0,0,64,24,5,5,2,2,1,1,1,1,1,0,1,1184,0,144,64,14,14,12544,196,14,1,90,24.537747050700887
1,0,0,144,512,14,14,100352,196,14,1,0,0,64,512,1,1,0,0,1,1,1,1,1,0,1,1184,0,144,64,14,14,12544,196,14,1,90,246.92801378851965
1,0,0,144,512,14,14,100352,196,14,1,0,0,128,512,1,1,0,0,1,1,1,1,1,0,1,1184,0,144,128,14,14,25088,196,14,1,90,159.01560293594923
1,0,0,144,128,14,14,25088,196,14,1,0,0,256,128,3,3,1,1,1,1,1,1,1,0,6,3277824,0,144,256,14,14,50176,196,14,1,90,30.317317781982016
1,0,0,144,512,14,14,100352,196,14,1,0,0,144,512,1,1,0,0,1,1,1,1,1,0,1,1184,0,144,144,14,14,28224,196,14,1,90,426.51340259142887
1,0,0,144,144,14,14,28224,196,14,1,0,0,288,144,3,3,1,1,1,1,1,1,1,0,6,4148352,0,144,288,14,14,56448,196,14,1,90,28.047650786999448
1,0,0,144,512,14,14,100352,196,14,1,0,0,32,512,1,1,0,0,1,1,1,1,1,0,1,1184,0,144,32,14,14,6272,196,14,1,90,357.9312185731056
1,0,0,144,32,14,14,6272,196,14,1,0,0,64,32,5,5,2,2,1,1,1,1,1,0,1,1184,0,144,64,14,14,12544,196,14,1,90,21.10673681891856
1,0,0,144,528,14,14,103488,196,14,1,0,0,256,528,1,1,0,0,1,1,1,1,1,0,1,1184,0,144,256,14,14,50176,196,14,1,90,164.90241708280726
1,0,0,144,528,14,14,103488,196,14,1,0,0,160,528,1,1,0,0,1,1,1,1,1,0,1,1184,0,144,160,14,14,31360,196,14,1,90,433.74360602899947
1,0,0,144,160,14,14,31360,196,14,1,0,0,320,160,3,3,1,1,1,1,1,1,1,0,6,5121280,0,144,320,14,14,62720,196,14,1,90,27.444676706117633
1,0,0,144,528,14,14,103488,196,14,1,0,0,32,528,1,1,0,0,1,1,1,1,1,0,1,1184,0,144,32,14,14,6272,196,14,1,90,365.20653719429566
1,0,0,144,32,14,14,6272,196,14,1,0,0,128,32,5,5,2,2,1,1,1,1,1,0,1,1184,0,144,128,14,14,25088,196,14,1,90,24.20823757358231
1,0,0,144,528,14,14,103488,196,14,1,0,0,128,528,1,1,0,0,1,1,1,1,1,0,1,1184,0,144,128,14,14,25088,196,14,1,90,159.38094834377395
1,0,0,144,832,7,7,40768,49,7,1,0,0,256,832,1,1,0,0,1,1,1,1,1,0,1,300,0,144,256,7,7,12544,49,7,1,90,190.5222934425464
1,0,0,144,832,7,7,40768,49,7,1,0,0,160,832,1,1,0,0,1,1,1,1,1,0,1,300,0,144,160,7,7,7840,49,7,1,90,199.10333211444805
1,0,0,144,160,7,7,7840,49,7,1,0,0,320,160,3,3,1,1,1,1,1,1,1,0,1,300,0,144,320,7,7,15680,49,7,1,90,28.45936823247516
1,0,0,144,832,7,7,40768,49,7,1,0,0,32,832,1,1,0,0,1,1,1,1,1,0,1,300,0,144,32,7,7,1568,49,7,1,90,129.95161485599388
1,0,0,144,32,7,7,1568,49,7,1,0,0,128,32,5,5,2,2,1,1,1,1,1,0,1,300,0,144,128,7,7,6272,49,7,1,90,11.955354415303432
1,0,0,144,832,7,7,40768,49,7,1,0,0,128,832,1,1,0,0,1,1,1,1,1,0,1,300,0,144,128,7,7,6272,49,7,1,90,117.54857389317596
1,0,0,144,832,7,7,40768,49,7,1,0,0,384,832,1,1,0,0,1,1,1,1,1,0,1,300,0,144,384,7,7,18816,49,7,1,90,191.12897587176897
1,0,0,144,832,7,7,40768,49,7,1,0,0,192,832,1,1,0,0,1,1,1,1,1,0,1,300,0,144,192,7,7,9408,49,7,1,90,197.23512342638494
1,0,0,144,192,7,7,9408,49,7,1,0,0,384,192,3,3,1,1,1,1,1,1,1,0,1,300,0,144,384,7,7,18816,49,7,1,90,28.68941414832324
1,0,0,144,832,7,7,40768,49,7,1,0,0,48,832,1,1,0,0,1,1,1,1,1,0,1,300,0,144,48,7,7,2352,49,7,1,90,175.42169066273698
1,0,0,144,48,7,7,2352,49,7,1,0,0,128,48,5,5,2,2,1,1,1,1,1,0,1,300,0,144,128,7,7,6272,49,7,1,90,10.462335866516085
1,0,0,27,3,224,224,150528,50176,224,1,0,0,64,3,3,3,1,1,1,1,1,1,1,0,1,301064,0,27,64,224,224,3211264,50176,224,1,90,393.0779230588667
1,0,0,27,64,224,224,3211264,50176,224,1,0,0,64,64,3,3,1,1,1,1,1,1,1,0,6,409856,0,27,64,224,224,3211264,50176,224,1,90,167.99333872677565
1,0,0,27,64,112,112,802816,12544,112,1,0,0,128,64,3,3,1,1,1,1,1,1,1,0,6,819712,0,27,128,112,112,1605632,12544,112,1,90,106.65498413457468
1,0,0,27,128,112,112,1605632,12544,112,1,0,0,128,128,3,3,1,1,1,1,1,1,1,0,6,1638912,0,27,128,112,112,1605632,12544,112,1,90,100.1720060885177
1,0,0,27,128,56,56,401408,3136,56,1,0,0,256,128,3,3,1,1,1,1,1,1,1,0,6,3277824,0,27,256,56,56,802816,3136,56,1,90,54.559633914781394
1,0,0,27,256,56,56,802816,3136,56,1,0,0,256,256,3,3,1,1,1,1,1,1,1,0,6,6554624,0,27,256,56,56,802816,3136,56,1,90,100.13038293223971
1,0,0,27,256,28,28,200704,784,28,1,0,0,512,256,3,3,1,1,1,1,1,1,1,0,6,13109248,0,27,512,28,28,401408,784,28,1,90,28.422331866308124
1,0,0,27,512,28,28,401408,784,28,1,0,0,512,512,3,3,1,1,1,1,1,1,1,0,6,26216448,0,27,512,28,28,401408,784,28,1,90,25.092823810728312
1,0,0,27,512,14,14,100352,196,14,1,0,0,512,512,3,3,1,1,1,1,1,1,1,0,6,26216448,0,27,512,14,14,100352,196,14,1,90,26.141608048438545
1,0,0,32768,1,28,28,784,784,28,1,0,0,20,1,5,5,0,0,1,1,1,1,1,0,1,3464,0,32768,20,24,24,11520,576,24,1,80,230.43225677516975
1,0,0,32768,20,12,12,2880,144,12,1,0,0,50,20,5,5,0,0,1,1,1,1,1,0,1,392,0,32768,50,8,8,3200,64,8,1,80,49.690056846115496
1,0,0,32,3,152,152,69312,23104,152,1,0,0,32,3,11,11,0,0,1,1,1,1,1,0,0,0,0,32,32,142,142,645248,20164,142,1,80,24.24
1,0,0,32,32,71,71,161312,5041,71,1,0,0,16,32,9,9,0,0,1,1,1,1,1,0,0,0,0,32,16,63,63,63504,3969,63,1,80,5.09
1,0,0,144,3,227,227,154587,51529,227,1,0,0,64,3,7,7,3,3,2,2,1,1,1,0,1,77984,0,144,64,114,114,831744,12996,114,1,80,117.0683394787193
1,0,0,144,64,57,57,207936,3249,57,1,0,0,64,64,1,1,0,0,1,1,1,1,1,0,1,19500,0,144,64,57,57,207936,3249,57,1,80,396.4312018297062
1,0,0,144,64,57,57,207936,3249,57,1,0,0,192,64,3,3,1,1,1,1,1,1,1,0,6,1229568,0,144,192,57,57,623808,3249,57,1,80,70.62248071661377
1,0,0,144,192,28,28,150528,784,28,1,0,0,64,192,1,1,0,0,1,1,1,1,1,0,1,4712,0,144,64,28,28,50176,784,28,1,80,299.2637033505917
1,0,0,144,192,28,28,150528,784,28,1,0,0,96,192,1,1,0,0,1,1,1,1,1,0,1,4712,0,144,96,28,28,75264,784,28,1,80,440.9720776425448
1,0,0,144,96,28,28,75264,784,28,1,0,0,128,96,3,3,1,1,1,1,1,1,1,0,6,1229312,0,144,128,28,28,100352,784,28,1,80,62.43969683379675
1,0,0,144,192,28,28,150528,784,28,1,0,0,16,192,1,1,0,0,1,1,1,1,1,0,1,4712,0,144,16,28,28,12544,784,28,1,80,402.68093539636436
1,0,0,144,16,28,28,12544,784,28,1,0,0,32,16,5,5,2,2,1,1,1,1,1,0,1,4712,0,144,32,28,28,25088,784,28,1,80,43.237677863860064
1,0,0,144,192,28,28,150528,784,28,1,0,0,32,192,1,1,0,0,1,1,1,1,1,0,1,4712,0,144,32,28,28,25088,784,28,1,80,415.55286562437743
1,0,0,144,256,28,28,200704,784,28,1,0,0,128,256,1,1,0,0,1,1,1,1,1,0,1,4712,0,144,128,28,28,100352,784,28,1,80,302.8121968039998
1,0,0,144,128,28,28,100352,784,28,1,0,0,192,128,3,3,1,1,1,1,1,1,1,0,6,2458368,0,144,192,28,28,150528,784,28,1,80,47.107149707903055
1,0,0,144,256,28,28,200704,784,28,1,0,0,32,256,1,1,0,0,1,1,1,1,1,0,1,4712,0,144,32,28,28,25088,784,28,1,80,413.2100490306869
1,0,0,144,32,28,28,25088,784,28,1,0,0,96,32,5,5,2,2,1,1,1,1,1,0,1,4712,0,144,96,28,28,75264,784,28,1,80,34.80323903068439
1,0,0,144,256,28,28,200704,784,28,1,0,0,64,256,1,1,0,0,1,1,1,1,1,0,1,4712,0,144,64,28,28,50176,784,28,1,80,291.385246251846
1,0,0,144,480,14,14,94080,196,14,1,0,0,192,480,1,1,0,0,1,1,1,1,1,0,1,1184,0,144,192,14,14,37632,196,14,1,80,272.9580114220947
1,0,0,144,480,14,14,94080,196,14,1,0,0,96,480,1,1,0,0,1,1,1,1,1,0,1,1184,0,144,96,14,14,18816,196,14,1,80,140.88854781077603
1,0,0,144,96,14,14,18816,196,14,1,0,0,208,96,3,3,1,1,1,1,1,1,1,0,6,2095936,0,144,208,14,14,40768,196,14,1,80,30.382110559597464
1,0,0,144,480,14,14,94080,196,14,1,0,0,16,480,1,1,0,0,1,1,1,1,1,0,1,1184,0,144,16,14,14,3136,196,14,1,80,360.77479294436904
1,0,0,144,16,14,14,3136,196,14,1,0,0,48,16,5,5,2,2,1,1,1,1,1,0,1,1184,0,144,48,14,14,9408,196,14,1,80,22.115755922388658
1,0,0,144,480,14,14,94080,196,14,1,0,0,64,480,1,1,0,0,1,1,1,1,1,0,1,1184,0,144,64,14,14,12544,196,14,1,80,243.54782190904083
1,0,0,144,512,14,14,100352,196,14,1,0,0,160,512,1,1,0,0,1,1,1,1,1,0,1,1184,0,144,160,14,14,31360,196,14,1,80,413.15183387077013
1,0,0,144,512,14,14,100352,196,14,1,0,0,112,512,1,1,0,0,1,1,1,1,1,0,1,1184,0,144,112,14,14,21952,196,14,1,80,145.23199071044203
1,0,0,144,112,14,14,21952,196,14,1,0,0,224,112,3,3,1,1,1,1,1,1,1,0,6,2509696,0,144,224,14,14,43904,196,14,1,80,29.970364690480643
1,0,0,144,512,14,14,100352,196,14,1,0,0,24,512,1,1,0,0,1,1,1,1,1,0,1,1184,0,144,24,14,14,4704,196,14,1,80,356.73037238377844
1,0,0,144,24,14,14,4704,196,14,1,0,0,64,24,5,5,2,2,1,1,1,1,1,0,1,1184,0,144,64,14,14,12544,196,14,1,80,24.348315010581093
1,0,0,144,512,14,14,100352,196,14,1,0,0,64,512,1,1,0,0,1,1,1,1,1,0,1,1184,0,144,64,14,14,12544,196,14,1,80,245.9000379885797
1,0,0,144,512,14,14,100352,196,14,1,0,0,128,512,1,1,0,0,1,1,1,1,1,0,1,1184,0,144,128,14,14,25088,196,14,1,80,148.8125890724518
1,0,0,144,128,14,14,25088,196,14,1,0,0,256,128,3,3,1,1,1,1,1,1,1,0,6,3277824,0,144,256,14,14,50176,196,14,1,80,27.34726948070956
1,0,0,144,512,14,14,100352,196,14,1,0,0,144,512,1,1,0,0,1,1,1,1,1,0,1,1184,0,144,144,14,14,28224,196,14,1,80,411.906641091577
1,0,0,144,144,14,14,28224,196,14,1,0,0,288,144,3,3,1,1,1,1,1,1,1,0,6,4148352,0,144,288,14,14,56448,196,14,1,80,25.556707703448904
1,0,0,144,512,14,14,100352,196,14,1,0,0,32,512,1,1,0,0,1,1,1,1,1,0,1,1184,0,144,32,14,14,6272,196,14,1,80,354.77501909314043
1,0,0,144,32,14,14,6272,196,14,1,0,0,64,32,5,5,2,2,1,1,1,1,1,0,1,1184,0,144,64,14,14,12544,196,14,1,80,20.899347664208495
1,0,0,144,528,14,14,103488,196,14,1,0,0,256,528,1,1,0,0,1,1,1,1,1,0,1,1184,0,144,256,14,14,50176,196,14,1,80,153.58276471626786
1,0,0,144,528,14,14,103488,196,14,1,0,0,160,528,1,1,0,0,1,1,1,1,1,0,1,1184,0,144,160,14,14,31360,196,14,1,80,428.7522203510005
1,0,0,144,160,14,14,31360,196,14,1,0,0,320,160,3,3,1,1,1,1,1,1,1,0,6,5121280,0,144,320,14,14,62720,196,14,1,80,24.2422520291542
1,0,0,144,528,14,14,103488,196,14,1,0,0,32,528,1,1,0,0,1,1,1,1,1,0,1,1184,0,144,32,14,14,6272,196,14,1,80,360.7497752725882
1,0,0,144,32,14,14,6272,196,14,1,0,0,128,32,5,5,2,2,1,1,1,1,1,0,1,1184,0,144,128,14,14,25088,196,14,1,80,22.39204732898929
1,0,0,144,528,14,14,103488,196,14,1,0,0,128,528,1,1,0,0,1,1,1,1,1,0,1,1184,0,144,128,14,14,25088,196,14,1,80,149.4181365193452
1,0,0,144,832,7,7,40768,49,7,1,0,0,256,832,1,1,0,0,1,1,1,1,1,0,1,300,0,144,256,7,7,12544,49,7,1,80,193.2475460946443
1,0,0,144,832,7,7,40768,49,7,1,0,0,160,832,1,1,0,0,1,1,1,1,1,0,1,300,0,144,160,7,7,7840,49,7,1,80,201.06981450186967
1,0,0,144,160,7,7,7840,49,7,1,0,0,320,160,3,3,1,1,1,1,1,1,1,0,1,300,0,144,320,7,7,15680,49,7,1,80,26.091391447616502
1,0,0,144,832,7,7,40768,49,7,1,0,0,32,832,1,1,0,0,1,1,1,1,1,0,1,300,0,144,32,7,7,1568,49,7,1,80,130.1232405969089
1,0,0,144,32,7,7,1568,49,7,1,0,0,128,32,5,5,2,2,1,1,1,1,1,0,1,300,0,144,128,7,7,6272,49,7,1,80,11.93919499395913
1,0,0,144,832,7,7,40768,49,7,1,0,0,128,832,1,1,0,0,1,1,1,1,1,0,1,300,0,144,128,7,7,6272,49,7,1,80,117.38470575757574
1,0,0,144,832,7,7,40768,49,7,1,0,0,384,832,1,1,0,0,1,1,1,1,1,0,1,300,0,144,384,7,7,18816,49,7,1,80,187.6277668932005
1,0,0,144,832,7,7,40768,49,7,1,0,0,192,832,1,1,0,0,1,1,1,1,1,0,1,300,0,144,192,7,7,9408,49,7,1,80,198.57120558881974
1,0,0,144,192,7,7,9408,49,7,1,0,0,384,192,3,3,1,1,1,1,1,1,1,0,1,300,0,144,384,7,7,18816,49,7,1,80,27.60917835182032
1,0,0,144,832,7,7,40768,49,7,1,0,0,48,832,1,1,0,0,1,1,1,1,1,0,1,300,0,144,48,7,7,2352,49,7,1,80,175.91763095055512
1,0,0,144,48,7,7,2352,49,7,1,0,0,128,48,5,5,2,2,1,1,1,1,1,0,1,300,0,144,128,7,7,6272,49,7,1,80,10.591971196500182
1,0,0,27,3,224,224,150528,50176,224,1,0,0,64,3,3,3,1,1,1,1,1,1,1,0,1,301064,0,27,64,224,224,3211264,50176,224,1,80,356.90086390544366
1,0,0,27,64,224,224,3211264,50176,224,1,0,0,64,64,3,3,1,1,1,1,1,1,1,0,6,409856,0,27,64,224,224,3211264,50176,224,1,80,152.6481709225963
1,0,0,27,64,112,112,802816,12544,112,1,0,0,128,64,3,3,1,1,1,1,1,1,1,0,6,819712,0,27,128,112,112,1605632,12544,112,1,80,95.43637129230557
1,0,0,27,128,112,112,1605632,12544,112,1,0,0,128,128,3,3,1,1,1,1,1,1,1,0,6,1638912,0,27,128,112,112,1605632,12544,112,1,80,90.0809781704755
1,0,0,27,128,56,56,401408,3136,56,1,0,0,256,128,3,3,1,1,1,1,1,1,1,0,6,3277824,0,27,256,56,56,802816,3136,56,1,80,50.794150210424085
1,0,0,27,256,56,56,802816,3136,56,1,0,0,256,256,3,3,1,1,1,1,1,1,1,0,6,6554624,0,27,256,56,56,802816,3136,56,1,80,89.52498758413422
1,0,0,27,256,28,28,200704,784,28,1,0,0,512,256,3,3,1,1,1,1,1,1,1,0,6,13109248,0,27,512,28,28,401408,784,28,1,80,24.427091522556164
1,0,0,27,512,28,28,401408,784,28,1,0,0,512,512,3,3,1,1,1,1,1,1,1,0,6,26216448,0,27,512,28,28,401408,784,28,1,80,21.74434915391746
1,0,0,27,512,14,14,100352,196,14,1,0,0,512,512,3,3,1,1,1,1,1,1,1,0,6,26216448,0,27,512,14,14,100352,196,14,1,80,27.38301615317343
1,0,0,32768,1,28,28,784,784,28,1,0,0,20,1,5,5,0,0,1,1,1,1,1,0,1,3464,0,32768,20,24,24,11520,576,24,1,70,198.0996771457018
1,0,0,32768,20,12,12,2880,144,12,1,0,0,50,20,5,5,0,0,1,1,1,1,1,0,1,392,0,32768,50,8,8,3200,64,8,1,70,42.64268282678825
1,0,0,32,3,152,152,69312,23104,152,1,0,0,32,3,11,11,0,0,1,1,1,1,1,0,0,0,0,32,32,142,142,645248,20164,142,1,70,20.76
1,0,0,32,32,71,71,161312,5041,71,1,0,0,16,32,9,9,0,0,1,1,1,1,1,0,0,0,0,32,16,63,63,63504,3969,63,1,70,4.39
1,0,0,144,3,227,227,154587,51529,227,1,0,0,64,3,7,7,3,3,2,2,1,1,1,0,1,77984,0,144,64,114,114,831744,12996,114,1,70,100.76836774440112
1,0,0,144,64,57,57,207936,3249,57,1,0,0,64,64,1,1,0,0,1,1,1,1,1,0,1,19500,0,144,64,57,57,207936,3249,57,1,70,345.9414503447519
1,0,0,144,64,57,57,207936,3249,57,1,0,0,192,64,3,3,1,1,1,1,1,1,1,0,6,1229568,0,144,192,57,57,623808,3249,57,1,70,60.385601861645874
1,0,0,144,192,28,28,150528,784,28,1,0,0,64,192,1,1,0,0,1,1,1,1,1,0,1,4712,0,144,64,28,28,50176,784,28,1,70,256.9559932126377
1,0,0,144,192,28,28,150528,784,28,1,0,0,96,192,1,1,0,0,1,1,1,1,1,0,1,4712,0,144,96,28,28,75264,784,28,1,70,401.6073367682752
1,0,0,144,96,28,28,75264,784,28,1,0,0,128,96,3,3,1,1,1,1,1,1,1,0,6,1229312,0,144,128,28,28,100352,784,28,1,70,53.81740460473354
1,0,0,144,192,28,28,150528,784,28,1,0,0,16,192,1,1,0,0,1,1,1,1,1,0,1,4712,0,144,16,28,28,12544,784,28,1,70,355.8238532108659
1,0,0,144,16,28,28,12544,784,28,1,0,0,32,16,5,5,2,2,1,1,1,1,1,0,1,4712,0,144,32,28,28,25088,784,28,1,70,37.230761229553
1,0,0,144,192,28,28,150528,784,28,1,0,0,32,192,1,1,0,0,1,1,1,1,1,0,1,4712,0,144,32,28,28,25088,784,28,1,70,358.85102629518894
1,0,0,144,256,28,28,200704,784,28,1,0,0,128,256,1,1,0,0,1,1,1,1,1,0,1,4712,0,144,128,28,28,100352,784,28,1,70,260.96698457921997
1,0,0,144,128,28,28,100352,784,28,1,0,0,192,128,3,3,1,1,1,1,1,1,1,0,6,2458368,0,144,192,28,28,150528,784,28,1,70,39.68982356788677
1,0,0,144,256,28,28,200704,784,28,1,0,0,32,256,1,1,0,0,1,1,1,1,1,0,1,4712,0,144,32,28,28,25088,784,28,1,70,365.15622728967395
1,0,0,144,32,28,28,25088,784,28,1,0,0,96,32,5,5,2,2,1,1,1,1,1,0,1,4712,0,144,96,28,28,75264,784,28,1,70,30.145495639459387
1,0,0,144,256,28,28,200704,784,28,1,0,0,64,256,1,1,0,0,1,1,1,1,1,0,1,4712,0,144,64,28,28,50176,784,28,1,70,251.08453147765405
1,0,0,144,480,14,14,94080,196,14,1,0,0,192,480,1,1,0,0,1,1,1,1,1,0,1,1184,0,144,192,14,14,37632,196,14,1,70,246.50548329638914
1,0,0,144,480,14,14,94080,196,14,1,0,0,96,480,1,1,0,0,1,1,1,1,1,0,1,1184,0,144,96,14,14,18816,196,14,1,70,123.8645342033811
1,0,0,144,96,14,14,18816,196,14,1,0,0,208,96,3,3,1,1,1,1,1,1,1,0,6,2095936,0,144,208,14,14,40768,196,14,1,70,26.375543860425008
1,0,0,144,480,14,14,94080,196,14,1,0,0,16,480,1,1,0,0,1,1,1,1,1,0,1,1184,0,144,16,14,14,3136,196,14,1,70,289.26319259504135
1,0,0,144,16,14,14,3136,196,14,1,0,0,48,16,5,5,2,2,1,1,1,1,1,0,1,1184,0,144,48,14,14,9408,196,14,1,70,19.37609192807281
1,0,0,144,480,14,14,94080,196,14,1,0,0,64,480,1,1,0,0,1,1,1,1,1,0,1,1184,0,144,64,14,14,12544,196,14,1,70,212.96911585129948
1,0,0,144,512,14,14,100352,196,14,1,0,0,160,512,1,1,0,0,1,1,1,1,1,0,1,1184,0,144,160,14,14,31360,196,14,1,70,372.9063654961474
1,0,0,144,512,14,14,100352,196,14,1,0,0,112,512,1,1,0,0,1,1,1,1,1,0,1,1184,0,144,112,14,14,21952,196,14,1,70,127.17611709637468
1,0,0,144,112,14,14,21952,196,14,1,0,0,224,112,3,3,1,1,1,1,1,1,1,0,6,2509696,0,144,224,14,14,43904,196,14,1,70,26.08584481480036
1,0,0,144,512,14,14,100352,196,14,1,0,0,24,512,1,1,0,0,1,1,1,1,1,0,1,1184,0,144,24,14,14,4704,196,14,1,70,287.80403202875647
1,0,0,144,24,14,14,4704,196,14,1,0,0,64,24,5,5,2,2,1,1,1,1,1,0,1,1184,0,144,64,14,14,12544,196,14,1,70,21.171455647929175
1,0,0,144,512,14,14,100352,196,14,1,0,0,64,512,1,1,0,0,1,1,1,1,1,0,1,1184,0,144,64,14,14,12544,196,14,1,70,214.46251219995114
1,0,0,144,512,14,14,100352,196,14,1,0,0,128,512,1,1,0,0,1,1,1,1,1,0,1,1184,0,144,128,14,14,25088,196,14,1,70,130.36471396734234
1,0,0,144,128,14,14,25088,196,14,1,0,0,256,128,3,3,1,1,1,1,1,1,1,0,6,3277824,0,144,256,14,14,50176,196,14,1,70,23.52710711878728
1,0,0,144,512,14,14,100352,196,14,1,0,0,144,512,1,1,0,0,1,1,1,1,1,0,1,1184,0,144,144,14,14,28224,196,14,1,70,378.46342662025245
1,0,0,144,144,14,14,28224,196,14,1,0,0,288,144,3,3,1,1,1,1,1,1,1,0,6,4148352,0,144,288,14,14,56448,196,14,1,70,22.055923344947736
1,0,0,144,512,14,14,100352,196,14,1,0,0,32,512,1,1,0,0,1,1,1,1,1,0,1,1184,0,144,32,14,14,6272,196,14,1,70,286.17433927355165
1,0,0,144,32,14,14,6272,196,14,1,0,0,64,32,5,5,2,2,1,1,1,1,1,0,1,1184,0,144,64,14,14,12544,196,14,1,70,18.121446150202352
1,0,0,144,528,14,14,103488,196,14,1,0,0,256,528,1,1,0,0,1,1,1,1,1,0,1,1184,0,144,256,14,14,50176,196,14,1,70,132.97498941913514
1,0,0,144,528,14,14,103488,196,14,1,0,0,160,528,1,1,0,0,1,1,1,1,1,0,1,1184,0,144,160,14,14,31360,196,14,1,70,386.2251988257034
1,0,0,144,160,14,14,31360,196,14,1,0,0,320,160,3,3,1,1,1,1,1,1,1,0,6,5121280,0,144,320,14,14,62720,196,14,1,70,20.57286398808126
1,0,0,144,528,14,14,103488,196,14,1,0,0,32,528,1,1,0,0,1,1,1,1,1,0,1,1184,0,144,32,14,14,6272,196,14,1,70,294.36244209470306
1,0,0,144,32,14,14,6272,196,14,1,0,0,128,32,5,5,2,2,1,1,1,1,1,0,1,1184,0,144,128,14,14,25088,196,14,1,70,18.87820990243239
1,0,0,144,528,14,14,103488,196,14,1,0,0,128,528,1,1,0,0,1,1,1,1,1,0,1,1184,0,144,128,14,14,25088,196,14,1,70,130.4779335085505
1,0,0,144,832,7,7,40768,49,7,1,0,0,256,832,1,1,0,0,1,1,1,1,1,0,1,300,0,144,256,7,7,12544,49,7,1,70,180.04802097363984
1,0,0,144,832,7,7,40768,49,7,1,0,0,160,832,1,1,0,0,1,1,1,1,1,0,1,300,0,144,160,7,7,7840,49,7,1,70,160.2909581702128
1,0,0,144,160,7,7,7840,49,7,1,0,0,320,160,3,3,1,1,1,1,1,1,1,0,1,300,0,144,320,7,7,15680,49,7,1,70,23.283651848645327
1,0,0,144,832,7,7,40768,49,7,1,0,0,32,832,1,1,0,0,1,1,1,1,1,0,1,300,0,144,32,7,7,1568,49,7,1,70,114.65155449360816
1,0,0,144,32,7,7,1568,49,7,1,0,0,128,32,5,5,2,2,1,1,1,1,1,0,1,300,0,144,128,7,7,6272,49,7,1,70,6.2777205999828585
1,0,0,144,832,7,7,40768,49,7,1,0,0,128,832,1,1,0,0,1,1,1,1,1,0,1,300,0,144,128,7,7,6272,49,7,1,70,66.05879524042693
1,0,0,144,832,7,7,40768,49,7,1,0,0,384,832,1,1,0,0,1,1,1,1,1,0,1,300,0,144,384,7,7,18816,49,7,1,70,179.01775832129198
1,0,0,144,832,7,7,40768,49,7,1,0,0,192,832,1,1,0,0,1,1,1,1,1,0,1,300,0,144,192,7,7,9408,49,7,1,70,161.4225647062876
1,0,0,144,192,7,7,9408,49,7,1,0,0,384,192,3,3,1,1,1,1,1,1,1,0,1,300,0,144,384,7,7,18816,49,7,1,70,25.462325810102456
1,0,0,144,832,7,7,40768,49,7,1,0,0,48,832,1,1,0,0,1,1,1,1,1,0,1,300,0,144,48,7,7,2352,49,7,1,70,113.07370496320523
1,0,0,144,48,7,7,2352,49,7,1,0,0,128,48,5,5,2,2,1,1,1,1,1,0,1,300,0,144,128,7,7,6272,49,7,1,70,5.469165185789168
1,0,0,27,3,224,224,150528,50176,224,1,0,0,64,3,3,3,1,1,1,1,1,1,1,0,1,301064,0,27,64,224,224,3211264,50176,224,1,70,308.78325239130044
1,0,0,27,64,224,224,3211264,50176,224,1,0,0,64,64,3,3,1,1,1,1,1,1,1,0,6,409856,0,27,64,224,224,3211264,50176,224,1,70,132.10463840437058
1,0,0,27,64,112,112,802816,12544,112,1,0,0,128,64,3,3,1,1,1,1,1,1,1,0,6,819712,0,27,128,112,112,1605632,12544,112,1,70,82.31380605159973
1,0,0,27,128,112,112,1605632,12544,112,1,0,0,128,128,3,3,1,1,1,1,1,1,1,0,6,1638912,0,27,128,112,112,1605632,12544,112,1,70,77.30709699581539
1,0,0,27,128,56,56,401408,3136,56,1,0,0,256,128,3,3,1,1,1,1,1,1,1,0,6,3277824,0,27,256,56,56,802816,3136,56,1,70,42.444845928731276
1,0,0,27,256,56,56,802816,3136,56,1,0,0,256,256,3,3,1,1,1,1,1,1,1,0,6,6554624,0,27,256,56,56,802816,3136,56,1,70,75.82156651374297
1,0,0,27,256,28,28,200704,784,28,1,0,0,512,256,3,3,1,1,1,1,1,1,1,0,6,13109248,0,27,512,28,28,401408,784,28,1,70,22.50897849520014
1,0,0,27,512,28,28,401408,784,28,1,0,0,512,512,3,3,1,1,1,1,1,1,1,0,6,26216448,0,27,512,28,28,401408,784,28,1,70,20.12505526213731
1,0,0,27,512,14,14,100352,196,14,1,0,0,512,512,3,3,1,1,1,1,1,1,1,0,6,26216448,0,27,512,14,14,100352,196,14,1,70,24.348393594536304
1,0,0,32768,1,28,28,784,784,28,1,0,0,20,1,5,5,0,0,1,1,1,1,1,0,1,3464,0,32768,20,24,24,11520,576,24,1,60,174.0773382316471
1,0,0,32768,20,12,12,2880,144,12,1,0,0,50,20,5,5,0,0,1,1,1,1,1,0,1,392,0,32768,50,8,8,3200,64,8,1,60,37.48434459669042
1,0,0,32,3,152,152,69312,23104,152,1,0,0,32,3,11,11,0,0,1,1,1,1,1,0,0,0,0,32,32,142,142,645248,20164,142,1,60,18.22
1,0,0,32,32,71,71,161312,5041,71,1,0,0,16,32,9,9,0,0,1,1,1,1,1,0,0,0,0,32,16,63,63,63504,3969,63,1,60,3.8900000000000006
1,0,0,144,3,227,227,154587,51529,227,1,0,0,64,3,7,7,3,3,2,2,1,1,1,0,1,77984,0,144,64,114,114,831744,12996,114,1,60,88.54240107505207
1,0,0,144,64,57,57,207936,3249,57,1,0,0,64,64,1,1,0,0,1,1,1,1,1,0,1,19500,0,144,64,57,57,207936,3249,57,1,60,306.08887377710613
1,0,0,144,64,57,57,207936,3249,57,1,0,0,192,64,3,3,1,1,1,1,1,1,1,0,6,1229568,0,144,192,57,57,623808,3249,57,1,60,52.976870272698
1,0,0,144,192,28,28,150528,784,28,1,0,0,64,192,1,1,0,0,1,1,1,1,1,0,1,4712,0,144,64,28,28,50176,784,28,1,60,227.99908872156996
1,0,0,144,192,28,28,150528,784,28,1,0,0,96,192,1,1,0,0,1,1,1,1,1,0,1,4712,0,144,96,28,28,75264,784,28,1,60,358.2503547009704
1,0,0,144,96,28,28,75264,784,28,1,0,0,128,96,3,3,1,1,1,1,1,1,1,0,6,1229312,0,144,128,28,28,100352,784,28,1,60,47.929162765078495
1,0,0,144,192,28,28,150528,784,28,1,0,0,16,192,1,1,0,0,1,1,1,1,1,0,1,4712,0,144,16,28,28,12544,784,28,1,60,331.05081505274507
1,0,0,144,16,28,28,12544,784,28,1,0,0,32,16,5,5,2,2,1,1,1,1,1,0,1,4712,0,144,32,28,28,25088,784,28,1,60,34.06778537138239
1,0,0,144,192,28,28,150528,784,28,1,0,0,32,192,1,1,0,0,1,1,1,1,1,0,1,4712,0,144,32,28,28,25088,784,28,1,60,329.92460291939307
1,0,0,144,256,28,28,200704,784,28,1,0,0,128,256,1,1,0,0,1,1,1,1,1,0,1,4712,0,144,128,28,28,100352,784,28,1,60,230.97747109790993
1,0,0,144,128,28,28,100352,784,28,1,0,0,192,128,3,3,1,1,1,1,1,1,1,0,6,2458368,0,144,192,28,28,150528,784,28,1,60,34.81328591448742
1,0,0,144,256,28,28,200704,784,28,1,0,0,32,256,1,1,0,0,1,1,1,1,1,0,1,4712,0,144,32,28,28,25088,784,28,1,60,330.75357844626166
1,0,0,144,32,28,28,25088,784,28,1,0,0,96,32,5,5,2,2,1,1,1,1,1,0,1,4712,0,144,96,28,28,75264,784,28,1,60,26.4327183691605
1,0,0,144,256,28,28,200704,784,28,1,0,0,64,256,1,1,0,0,1,1,1,1,1,0,1,4712,0,144,64,28,28,50176,784,28,1,60,220.0988226181165
1,0,0,144,480,14,14,94080,196,14,1,0,0,192,480,1,1,0,0,1,1,1,1,1,0,1,1184,0,144,192,14,14,37632,196,14,1,60,217.19030425733982
1,0,0,144,480,14,14,94080,196,14,1,0,0,96,480,1,1,0,0,1,1,1,1,1,0,1,1184,0,144,96,14,14,18816,196,14,1,60,103.28619743624971
1,0,0,144,96,14,14,18816,196,14,1,0,0,208,96,3,3,1,1,1,1,1,1,1,0,6,2095936,0,144,208,14,14,40768,196,14,1,60,23.168440794534185
1,0,0,144,480,14,14,94080,196,14,1,0,0,16,480,1,1,0,0,1,1,1,1,1,0,1,1184,0,144,16,14,14,3136,196,14,1,60,232.94919136978405
1,0,0,144,16,14,14,3136,196,14,1,0,0,48,16,5,5,2,2,1,1,1,1,1,0,1,1184,0,144,48,14,14,9408,196,14,1,60,16.597759945559712
1,0,0,144,480,14,14,94080,196,14,1,0,0,64,480,1,1,0,0,1,1,1,1,1,0,1,1184,0,144,64,14,14,12544,196,14,1,60,183.7961286990576
1,0,0,144,512,14,14,100352,196,14,1,0,0,160,512,1,1,0,0,1,1,1,1,1,0,1,1184,0,144,160,14,14,31360,196,14,1,60,329.7139208396464
1,0,0,144,512,14,14,100352,196,14,1,0,0,112,512,1,1,0,0,1,1,1,1,1,0,1,1184,0,144,112,14,14,21952,196,14,1,60,107.11878590139902
1,0,0,144,112,14,14,21952,196,14,1,0,0,224,112,3,3,1,1,1,1,1,1,1,0,6,2509696,0,144,224,14,14,43904,196,14,1,60,22.82484453953658
1,0,0,144,512,14,14,100352,196,14,1,0,0,24,512,1,1,0,0,1,1,1,1,1,0,1,1184,0,144,24,14,14,4704,196,14,1,60,237.24739916323267
1,0,0,144,24,14,14,4704,196,14,1,0,0,64,24,5,5,2,2,1,1,1,1,1,0,1,1184,0,144,64,14,14,12544,196,14,1,60,18.04891075878099
1,0,0,144,512,14,14,100352,196,14,1,0,0,64,512,1,1,0,0,1,1,1,1,1,0,1,1184,0,144,64,14,14,12544,196,14,1,60,185.15694693409745
1,0,0,144,512,14,14,100352,196,14,1,0,0,128,512,1,1,0,0,1,1,1,1,1,0,1,1184,0,144,128,14,14,25088,196,14,1,60,109.08966496663143
1,0,0,144,128,14,14,25088,196,14,1,0,0,256,128,3,3,1,1,1,1,1,1,1,0,6,3277824,0,144,256,14,14,50176,196,14,1,60,20.889587915278312
1,0,0,144,512,14,14,100352,196,14,1,0,0,144,512,1,1,0,0,1,1,1,1,1,0,1,1184,0,144,144,14,14,28224,196,14,1,60,331.6698118326685
1,0,0,144,144,14,14,28224,196,14,1,0,0,288,144,3,3,1,1,1,1,1,1,1,0,6,4148352,0,144,288,14,14,56448,196,14,1,60,19.2658958123471
1,0,0,144,512,14,14,100352,196,14,1,0,0,32,512,1,1,0,0,1,1,1,1,1,0,1,1184,0,144,32,14,14,6272,196,14,1,60,229.04371344169328
1,0,0,144,32,14,14,6272,196,14,1,0,0,64,32,5,5,2,2,1,1,1,1,1,0,1,1184,0,144,64,14,14,12544,196,14,1,60,15.455686169628494
1,0,0,144,528,14,14,103488,196,14,1,0,0,256,528,1,1,0,0,1,1,1,1,1,0,1,1184,0,144,256,14,14,50176,196,14,1,60,120.8361369228671
1,0,0,144,528,14,14,103488,196,14,1,0,0,160,528,1,1,0,0,1,1,1,1,1,0,1,1184,0,144,160,14,14,31360,196,14,1,60,341.5123109187087
1,0,0,144,160,14,14,31360,196,14,1,0,0,320,160,3,3,1,1,1,1,1,1,1,0,6,5121280,0,144,320,14,14,62720,196,14,1,60,18.124108080526398
1,0,0,144,528,14,14,103488,196,14,1,0,0,32,528,1,1,0,0,1,1,1,1,1,0,1,1184,0,144,32,14,14,6272,196,14,1,60,240.4982106017309
1,0,0,144,32,14,14,6272,196,14,1,0,0,128,32,5,5,2,2,1,1,1,1,1,0,1,1184,0,144,128,14,14,25088,196,14,1,60,15.620560064928306
1,0,0,144,528,14,14,103488,196,14,1,0,0,128,528,1,1,0,0,1,1,1,1,1,0,1,1184,0,144,128,14,14,25088,196,14,1,60,109.58256790077634
1,0,0,144,832,7,7,40768,49,7,1,0,0,256,832,1,1,0,0,1,1,1,1,1,0,1,300,0,144,256,7,7,12544,49,7,1,60,160.73758119380344
1,0,0,144,832,7,7,40768,49,7,1,0,0,160,832,1,1,0,0,1,1,1,1,1,0,1,300,0,144,160,7,7,7840,49,7,1,60,161.80466685645445
1,0,0,144,160,7,7,7840,49,7,1,0,0,320,160,3,3,1,1,1,1,1,1,1,0,1,300,0,144,320,7,7,15680,49,7,1,60,20.501345804693212
1,0,0,144,832,7,7,40768,49,7,1,0,0,32,832,1,1,0,0,1,1,1,1,1,0,1,300,0,144,32,7,7,1568,49,7,1,60,108.81126114956186
1,0,0,144,32,7,7,1568,49,7,1,0,0,128,32,5,5,2,2,1,1,1,1,1,0,1,300,0,144,128,7,7,6272,49,7,1,60,6.31800708473609
1,0,0,144,832,7,7,40768,49,7,1,0,0,128,832,1,1,0,0,1,1,1,1,1,0,1,300,0,144,128,7,7,6272,49,7,1,60,69.05002539886746
1,0,0,144,832,7,7,40768,49,7,1,0,0,384,832,1,1,0,0,1,1,1,1,1,0,1,300,0,144,384,7,7,18816,49,7,1,60,170.55528679703124
1,0,0,144,832,7,7,40768,49,7,1,0,0,192,832,1,1,0,0,1,1,1,1,1,0,1,300,0,144,192,7,7,9408,49,7,1,60,160.5438835607038
1,0,0,144,192,7,7,9408,49,7,1,0,0,384,192,3,3,1,1,1,1,1,1,1,0,1,300,0,144,384,7,7,18816,49,7,1,60,21.857507755874177
1,0,0,144,832,7,7,40768,49,7,1,0,0,48,832,1,1,0,0,1,1,1,1,1,0,1,300,0,144,48,7,7,2352,49,7,1,60,114.47785520962971
1,0,0,144,48,7,7,2352,49,7,1,0,0,128,48,5,5,2,2,1,1,1,1,1,0,1,300,0,144,128,7,7,6272,49,7,1,60,5.46826989689323
1,0,0,27,3,224,224,150528,50176,224,1,0,0,64,3,3,3,1,1,1,1,1,1,1,0,1,301064,0,27,64,224,224,3211264,50176,224,1,60,271.87898435542337
1,0,0,27,64,224,224,3211264,50176,224,1,0,0,64,64,3,3,1,1,1,1,1,1,1,0,6,409856,0,27,64,224,224,3211264,50176,224,1,60,116.0469375001049
1,0,0,27,64,112,112,802816,12544,112,1,0,0,128,64,3,3,1,1,1,1,1,1,1,0,6,819712,0,27,128,112,112,1605632,12544,112,1,60,73.5025791743346
1,0,0,27,128,112,112,1605632,12544,112,1,0,0,128,128,3,3,1,1,1,1,1,1,1,0,6,1638912,0,27,128,112,112,1605632,12544,112,1,60,68.66183294554881
1,0,0,27,128,56,56,401408,3136,56,1,0,0,256,128,3,3,1,1,1,1,1,1,1,0,6,3277824,0,27,256,56,56,802816,3136,56,1,60,36.922992577545656
1,0,0,27,256,56,56,802816,3136,56,1,0,0,256,256,3,3,1,1,1,1,1,1,1,0,6,6554624,0,27,256,56,56,802816,3136,56,1,60,78.3191185677644
1,0,0,27,256,28,28,200704,784,28,1,0,0,512,256,3,3,1,1,1,1,1,1,1,0,6,13109248,0,27,512,28,28,401408,784,28,1,60,19.751571317505622
1,0,0,27,512,28,28,401408,784,28,1,0,0,512,512,3,3,1,1,1,1,1,1,1,0,6,26216448,0,27,512,28,28,401408,784,28,1,60,17.76622343482686
1,0,0,27,512,14,14,100352,196,14,1,0,0,512,512,3,3,1,1,1,1,1,1,1,0,6,26216448,0,27,512,14,14,100352,196,14,1,60,21.873815489910466
1,0,0,32768,1,28,28,784,784,28,1,0,0,20,1,5,5,0,0,1,1,1,1,1,0,1,3464,0,32768,20,24,24,11520,576,24,1,50,140.93934569647666
1,0,0,32768,20,12,12,2880,144,12,1,0,0,50,20,5,5,0,0,1,1,1,1,1,0,1,392,0,32768,50,8,8,3200,64,8,1,50,30.29630791326857
1,0,0,32,3,152,152,69312,23104,152,1,0,0,32,3,11,11,0,0,1,1,1,1,1,0,0,0,0,32,32,142,142,645248,20164,142,1,50,14.76
1,0,0,32,32,71,71,161312,5041,71,1,0,0,16,32,9,9,0,0,1,1,1,1,1,0,0,0,0,32,16,63,63,63504,3969,63,1,50,3.15
1,0,0,144,3,227,227,154587,51529,227,1,0,0,64,3,7,7,3,3,2,2,1,1,1,0,1,77984,0,144,64,114,114,831744,12996,114,1,50,71.74873652903366
1,0,0,144,64,57,57,207936,3249,57,1,0,0,64,64,1,1,0,0,1,1,1,1,1,0,1,19500,0,144,64,57,57,207936,3249,57,1,50,250.5553490771431
1,0,0,144,64,57,57,207936,3249,57,1,0,0,192,64,3,3,1,1,1,1,1,1,1,0,6,1229568,0,144,192,57,57,623808,3249,57,1,50,43.26792681090904
1,0,0,144,192,28,28,150528,784,28,1,0,0,64,192,1,1,0,0,1,1,1,1,1,0,1,4712,0,144,64,28,28,50176,784,28,1,50,189.02325492840993
1,0,0,144,192,28,28,150528,784,28,1,0,0,96,192,1,1,0,0,1,1,1,1,1,0,1,4712,0,144,96,28,28,75264,784,28,1,50,293.2266064136044
1,0,0,144,96,28,28,75264,784,28,1,0,0,128,96,3,3,1,1,1,1,1,1,1,0,6,1229312,0,144,128,28,28,100352,784,28,1,50,38.89417819555698
1,0,0,144,192,28,28,150528,784,28,1,0,0,16,192,1,1,0,0,1,1,1,1,1,0,1,4712,0,144,16,28,28,12544,784,28,1,50,268.62581443718904
1,0,0,144,16,28,28,12544,784,28,1,0,0,32,16,5,5,2,2,1,1,1,1,1,0,1,4712,0,144,32,28,28,25088,784,28,1,50,27.37978873918418
1,0,0,144,192,28,28,150528,784,28,1,0,0,32,192,1,1,0,0,1,1,1,1,1,0,1,4712,0,144,32,28,28,25088,784,28,1,50,270.1433260771506
1,0,0,144,256,28,28,200704,784,28,1,0,0,128,256,1,1,0,0,1,1,1,1,1,0,1,4712,0,144,128,28,28,100352,784,28,1,50,188.66929593141177
1,0,0,144,128,28,28,100352,784,28,1,0,0,192,128,3,3,1,1,1,1,1,1,1,0,6,2458368,0,144,192,28,28,150528,784,28,1,50,28.85341647271423
1,0,0,144,256,28,28,200704,784,28,1,0,0,32,256,1,1,0,0,1,1,1,1,1,0,1,4712,0,144,32,28,28,25088,784,28,1,50,271.236711088965
1,0,0,144,32,28,28,25088,784,28,1,0,0,96,32,5,5,2,2,1,1,1,1,1,0,1,4712,0,144,96,28,28,75264,784,28,1,50,21.52175465303441
1,0,0,144,256,28,28,200704,784,28,1,0,0,64,256,1,1,0,0,1,1,1,1,1,0,1,4712,0,144,64,28,28,50176,784,28,1,50,182.02183457333663
1,0,0,144,480,14,14,94080,196,14,1,0,0,192,480,1,1,0,0,1,1,1,1,1,0,1,1184,0,144,192,14,14,37632,196,14,1,50,174.27383062036574
1,0,0,144,480,14,14,94080,196,14,1,0,0,96,480,1,1,0,0,1,1,1,1,1,0,1,1184,0,144,96,14,14,18816,196,14,1,50,89.36190605838996
1,0,0,144,96,14,14,18816,196,14,1,0,0,208,96,3,3,1,1,1,1,1,1,1,0,6,2095936,0,144,208,14,14,40768,196,14,1,50,18.980712798478404
1,0,0,144,480,14,14,94080,196,14,1,0,0,16,480,1,1,0,0,1,1,1,1,1,0,1,1184,0,144,16,14,14,3136,196,14,1,50,222.4228855075521
1,0,0,144,16,14,14,3136,196,14,1,0,0,48,16,5,5,2,2,1,1,1,1,1,0,1,1184,0,144,48,14,14,9408,196,14,1,50,14.388318009503521
1,0,0,144,480,14,14,94080,196,14,1,0,0,64,480,1,1,0,0,1,1,1,1,1,0,1,1184,0,144,64,14,14,12544,196,14,1,50,158.84315590949035
1,0,0,144,512,14,14,100352,196,14,1,0,0,160,512,1,1,0,0,1,1,1,1,1,0,1,1184,0,144,160,14,14,31360,196,14,1,50,270.57646439256115
1,0,0,144,512,14,14,100352,196,14,1,0,0,112,512,1,1,0,0,1,1,1,1,1,0,1,1184,0,144,112,14,14,21952,196,14,1,50,92.45990211089813
1,0,0,144,112,14,14,21952,196,14,1,0,0,224,112,3,3,1,1,1,1,1,1,1,0,6,2509696,0,144,224,14,14,43904,196,14,1,50,18.74347965753712
1,0,0,144,512,14,14,100352,196,14,1,0,0,24,512,1,1,0,0,1,1,1,1,1,0,1,1184,0,144,24,14,14,4704,196,14,1,50,227.10196165456838
1,0,0,144,24,14,14,4704,196,14,1,0,0,64,24,5,5,2,2,1,1,1,1,1,0,1,1184,0,144,64,14,14,12544,196,14,1,50,15.612401711705672
1,0,0,144,512,14,14,100352,196,14,1,0,0,64,512,1,1,0,0,1,1,1,1,1,0,1,1184,0,144,64,14,14,12544,196,14,1,50,160.37739603730216
1,0,0,144,512,14,14,100352,196,14,1,0,0,128,512,1,1,0,0,1,1,1,1,1,0,1,1184,0,144,128,14,14,25088,196,14,1,50,94.32796161159389
1,0,0,144,128,14,14,25088,196,14,1,0,0,256,128,3,3,1,1,1,1,1,1,1,0,6,3277824,0,144,256,14,14,50176,196,14,1,50,17.053852656389815
1,0,0,144,512,14,14,100352,196,14,1,0,0,144,512,1,1,0,0,1,1,1,1,1,0,1,1184,0,144,144,14,14,28224,196,14,1,50,274.53554821698737
1,0,0,144,144,14,14,28224,196,14,1,0,0,288,144,3,3,1,1,1,1,1,1,1,0,6,4148352,0,144,288,14,14,56448,196,14,1,50,15.69332095789418
1,0,0,144,512,14,14,100352,196,14,1,0,0,32,512,1,1,0,0,1,1,1,1,1,0,1,1184,0,144,32,14,14,6272,196,14,1,50,224.3054004004166
1,0,0,144,32,14,14,6272,196,14,1,0,0,64,32,5,5,2,2,1,1,1,1,1,0,1,1184,0,144,64,14,14,12544,196,14,1,50,13.30153785436729
1,0,0,144,528,14,14,103488,196,14,1,0,0,256,528,1,1,0,0,1,1,1,1,1,0,1,1184,0,144,256,14,14,50176,196,14,1,50,95.84931691929067
1,0,0,144,528,14,14,103488,196,14,1,0,0,160,528,1,1,0,0,1,1,1,1,1,0,1,1184,0,144,160,14,14,31360,196,14,1,50,283.9999636217211
1,0,0,144,160,14,14,31360,196,14,1,0,0,320,160,3,3,1,1,1,1,1,1,1,0,6,5121280,0,144,320,14,14,62720,196,14,1,50,14.618825256269506
1,0,0,144,528,14,14,103488,196,14,1,0,0,32,528,1,1,0,0,1,1,1,1,1,0,1,1184,0,144,32,14,14,6272,196,14,1,50,228.42698674874953
1,0,0,144,32,14,14,6272,196,14,1,0,0,128,32,5,5,2,2,1,1,1,1,1,0,1,1184,0,144,128,14,14,25088,196,14,1,50,13.244214898133636
1,0,0,144,528,14,14,103488,196,14,1,0,0,128,528,1,1,0,0,1,1,1,1,1,0,1,1184,0,144,128,14,14,25088,196,14,1,50,94.48605814210562
1,0,0,144,832,7,7,40768,49,7,1,0,0,256,832,1,1,0,0,1,1,1,1,1,0,1,300,0,144,256,7,7,12544,49,7,1,50,148.09570718572851
1,0,0,144,832,7,7,40768,49,7,1,0,0,160,832,1,1,0,0,1,1,1,1,1,0,1,300,0,144,160,7,7,7840,49,7,1,50,143.092843301552
1,0,0,144,160,7,7,7840,49,7,1,0,0,320,160,3,3,1,1,1,1,1,1,1,0,1,300,0,144,320,7,7,15680,49,7,1,50,16.942131344506294
1,0,0,144,832,7,7,40768,49,7,1,0,0,32,832,1,1,0,0,1,1,1,1,1,0,1,300,0,144,32,7,7,1568,49,7,1,50,108.68828517778546
1,0,0,144,32,7,7,1568,49,7,1,0,0,128,32,5,5,2,2,1,1,1,1,1,0,1,300,0,144,128,7,7,6272,49,7,1,50,6.266875405267484
1,0,0,144,832,7,7,40768,49,7,1,0,0,128,832,1,1,0,0,1,1,1,1,1,0,1,300,0,144,128,7,7,6272,49,7,1,50,67.2803553069592
1,0,0,144,832,7,7,40768,49,7,1,0,0,384,832,1,1,0,0,1,1,1,1,1,0,1,300,0,144,384,7,7,18816,49,7,1,50,152.96604147339013
1,0,0,144,832,7,7,40768,49,7,1,0,0,192,832,1,1,0,0,1,1,1,1,1,0,1,300,0,144,192,7,7,9408,49,7,1,50,142.69763250919235
1,0,0,144,192,7,7,9408,49,7,1,0,0,384,192,3,3,1,1,1,1,1,1,1,0,1,300,0,144,384,7,7,18816,49,7,1,50,18.72054762311276
1,0,0,144,832,7,7,40768,49,7,1,0,0,48,832,1,1,0,0,1,1,1,1,1,0,1,300,0,144,48,7,7,2352,49,7,1,50,111.66548635370415
1,0,0,144,48,7,7,2352,49,7,1,0,0,128,48,5,5,2,2,1,1,1,1,1,0,1,300,0,144,128,7,7,6272,49,7,1,50,5.428279342343383
1,0,0,27,3,224,224,150528,50176,224,1,0,0,64,3,3,3,1,1,1,1,1,1,1,0,1,301064,0,27,64,224,224,3211264,50176,224,1,50,221.29045507871123
1,0,0,27,64,224,224,3211264,50176,224,1,0,0,64,64,3,3,1,1,1,1,1,1,1,0,6,409856,0,27,64,224,224,3211264,50176,224,1,50,94.70932361222188
1,0,0,27,64,112,112,802816,12544,112,1,0,0,128,64,3,3,1,1,1,1,1,1,1,0,6,819712,0,27,128,112,112,1605632,12544,112,1,50,59.71462928718467
1,0,0,27,128,112,112,1605632,12544,112,1,0,0,128,128,3,3,1,1,1,1,1,1,1,0,6,1638912,0,27,128,112,112,1605632,12544,112,1,50,55.59350861323242
1,0,0,27,128,56,56,401408,3136,56,1,0,0,256,128,3,3,1,1,1,1,1,1,1,0,6,3277824,0,27,256,56,56,802816,3136,56,1,50,29.604754664978007
1,0,0,27,256,56,56,802816,3136,56,1,0,0,256,256,3,3,1,1,1,1,1,1,1,0,6,6554624,0,27,256,56,56,802816,3136,56,1,50,67.11172080455604
1,0,0,27,256,28,28,200704,784,28,1,0,0,512,256,3,3,1,1,1,1,1,1,1,0,6,13109248,0,27,512,28,28,401408,784,28,1,50,15.664658296306271
1,0,0,27,512,28,28,401408,784,28,1,0,0,512,512,3,3,1,1,1,1,1,1,1,0,6,26216448,0,27,512,28,28,401408,784,28,1,50,14.887450644760658
1,0,0,27,512,14,14,100352,196,14,1,0,0,512,512,3,3,1,1,1,1,1,1,1,0,6,26216448,0,27,512,14,14,100352,196,14,1,50,21.14711542672746
1,0,0,32768,1,28,28,784,784,28,1,0,0,20,1,5,5,0,0,1,1,1,1,1,0,1,3464,0,32768,20,24,24,11520,576,24,1,40,116.53219037148986
1,0,0,32768,20,12,12,2880,144,12,1,0,0,50,20,5,5,0,0,1,1,1,1,1,0,1,392,0,32768,50,8,8,3200,64,8,1,40,25.07741901329941
1,0,0,32,3,152,152,69312,23104,152,1,0,0,32,3,11,11,0,0,1,1,1,1,1,0,0,0,0,32,32,142,142,645248,20164,142,1,40,12.22
1,0,0,32,32,71,71,161312,5041,71,1,0,0,16,32,9,9,0,0,1,1,1,1,1,0,0,0,0,32,16,63,63,63504,3969,63,1,40,2.65
1,0,0,144,3,227,227,154587,51529,227,1,0,0,64,3,7,7,3,3,2,2,1,1,1,0,1,77984,0,144,64,114,114,831744,12996,114,1,40,59.43836934206596
1,0,0,144,64,57,57,207936,3249,57,1,0,0,64,64,1,1,0,0,1,1,1,1,1,0,1,19500,0,144,64,57,57,207936,3249,57,1,40,208.19339150083715
1,0,0,144,64,57,57,207936,3249,57,1,0,0,192,64,3,3,1,1,1,1,1,1,1,0,6,1229568,0,144,192,57,57,623808,3249,57,1,40,35.76849326979402
1,0,0,144,192,28,28,150528,784,28,1,0,0,64,192,1,1,0,0,1,1,1,1,1,0,1,4712,0,144,64,28,28,50176,784,28,1,40,158.97309682836666
1,0,0,144,192,28,28,150528,784,28,1,0,0,96,192,1,1,0,0,1,1,1,1,1,0,1,4712,0,144,96,28,28,75264,784,28,1,40,244.8978624937656
1,0,0,144,96,28,28,75264,784,28,1,0,0,128,96,3,3,1,1,1,1,1,1,1,0,6,1229312,0,144,128,28,28,100352,784,28,1,40,31.79045645209987
1,0,0,144,192,28,28,150528,784,28,1,0,0,16,192,1,1,0,0,1,1,1,1,1,0,1,4712,0,144,16,28,28,12544,784,28,1,40,234.49168480182183
1,0,0,144,16,28,28,12544,784,28,1,0,0,32,16,5,5,2,2,1,1,1,1,1,0,1,4712,0,144,32,28,28,25088,784,28,1,40,23.763816082156126
1,0,0,144,192,28,28,150528,784,28,1,0,0,32,192,1,1,0,0,1,1,1,1,1,0,1,4712,0,144,32,28,28,25088,784,28,1,40,234.46267358911206
1,0,0,144,256,28,28,200704,784,28,1,0,0,128,256,1,1,0,0,1,1,1,1,1,0,1,4712,0,144,128,28,28,100352,784,28,1,40,156.84958782882376
1,0,0,144,128,28,28,100352,784,28,1,0,0,192,128,3,3,1,1,1,1,1,1,1,0,6,2458368,0,144,192,28,28,150528,784,28,1,40,23.90289715151675
1,0,0,144,256,28,28,200704,784,28,1,0,0,32,256,1,1,0,0,1,1,1,1,1,0,1,4712,0,144,32,28,28,25088,784,28,1,40,234.1489512064343
1,0,0,144,32,28,28,25088,784,28,1,0,0,96,32,5,5,2,2,1,1,1,1,1,0,1,4712,0,144,96,28,28,75264,784,28,1,40,17.837474249733145
1,0,0,144,256,28,28,200704,784,28,1,0,0,64,256,1,1,0,0,1,1,1,1,1,0,1,4712,0,144,64,28,28,50176,784,28,1,40,153.0458663578544
1,0,0,144,480,14,14,94080,196,14,1,0,0,192,480,1,1,0,0,1,1,1,1,1,0,1,1184,0,144,192,14,14,37632,196,14,1,40,146.22970996813376
1,0,0,144,480,14,14,94080,196,14,1,0,0,96,480,1,1,0,0,1,1,1,1,1,0,1,1184,0,144,96,14,14,18816,196,14,1,40,73.34405115106544
1,0,0,144,96,14,14,18816,196,14,1,0,0,208,96,3,3,1,1,1,1,1,1,1,0,6,2095936,0,144,208,14,14,40768,196,14,1,40,15.658811188811185
1,0,0,144,480,14,14,94080,196,14,1,0,0,16,480,1,1,0,0,1,1,1,1,1,0,1,1184,0,144,16,14,14,3136,196,14,1,40,211.62664499817112
1,0,0,144,16,14,14,3136,196,14,1,0,0,48,16,5,5,2,2,1,1,1,1,1,0,1,1184,0,144,48,14,14,9408,196,14,1,40,11.922307282184654
1,0,0,144,480,14,14,94080,196,14,1,0,0,64,480,1,1,0,0,1,1,1,1,1,0,1,1184,0,144,64,14,14,12544,196,14,1,40,133.11046687544714
1,0,0,144,512,14,14,100352,196,14,1,0,0,160,512,1,1,0,0,1,1,1,1,1,0,1,1184,0,144,160,14,14,31360,196,14,1,40,232.6151804126387
1,0,0,144,512,14,14,100352,196,14,1,0,0,112,512,1,1,0,0,1,1,1,1,1,0,1,1184,0,144,112,14,14,21952,196,14,1,40,75.46262463741704
1,0,0,144,112,14,14,21952,196,14,1,0,0,224,112,3,3,1,1,1,1,1,1,1,0,6,2509696,0,144,224,14,14,43904,196,14,1,40,15.47375251098677
1,0,0,144,512,14,14,100352,196,14,1,0,0,24,512,1,1,0,0,1,1,1,1,1,0,1,1184,0,144,24,14,14,4704,196,14,1,40,209.0493795550666
1,0,0,144,24,14,14,4704,196,14,1,0,0,64,24,5,5,2,2,1,1,1,1,1,0,1,1184,0,144,64,14,14,12544,196,14,1,40,12.907243708731757
1,0,0,144,512,14,14,100352,196,14,1,0,0,64,512,1,1,0,0,1,1,1,1,1,0,1,1184,0,144,64,14,14,12544,196,14,1,40,133.58506295245783
1,0,0,144,512,14,14,100352,196,14,1,0,0,128,512,1,1,0,0,1,1,1,1,1,0,1,1184,0,144,128,14,14,25088,196,14,1,40,77.33574749064174
1,0,0,144,128,14,14,25088,196,14,1,0,0,256,128,3,3,1,1,1,1,1,1,1,0,6,3277824,0,144,256,14,14,50176,196,14,1,40,14.078629514398184
1,0,0,144,512,14,14,100352,196,14,1,0,0,144,512,1,1,0,0,1,1,1,1,1,0,1,1184,0,144,144,14,14,28224,196,14,1,40,235.09527715830868
1,0,0,144,144,14,14,28224,196,14,1,0,0,288,144,3,3,1,1,1,1,1,1,1,0,6,4148352,0,144,288,14,14,56448,196,14,1,40,12.994063766339274
1,0,0,144,512,14,14,100352,196,14,1,0,0,32,512,1,1,0,0,1,1,1,1,1,0,1,1184,0,144,32,14,14,6272,196,14,1,40,204.5349343439472
1,0,0,144,32,14,14,6272,196,14,1,0,0,64,32,5,5,2,2,1,1,1,1,1,0,1,1184,0,144,64,14,14,12544,196,14,1,40,11.042496523861626
1,0,0,144,528,14,14,103488,196,14,1,0,0,256,528,1,1,0,0,1,1,1,1,1,0,1,1184,0,144,256,14,14,50176,196,14,1,40,83.18837527038929
1,0,0,144,528,14,14,103488,196,14,1,0,0,160,528,1,1,0,0,1,1,1,1,1,0,1,1184,0,144,160,14,14,31360,196,14,1,40,243.95718365099253
1,0,0,144,160,14,14,31360,196,14,1,0,0,320,160,3,3,1,1,1,1,1,1,1,0,6,5121280,0,144,320,14,14,62720,196,14,1,40,12.10422810869561
1,0,0,144,528,14,14,103488,196,14,1,0,0,32,528,1,1,0,0,1,1,1,1,1,0,1,1184,0,144,32,14,14,6272,196,14,1,40,213.34086938120984
1,0,0,144,32,14,14,6272,196,14,1,0,0,128,32,5,5,2,2,1,1,1,1,1,0,1,1184,0,144,128,14,14,25088,196,14,1,40,10.855823788003288
1,0,0,144,528,14,14,103488,196,14,1,0,0,128,528,1,1,0,0,1,1,1,1,1,0,1,1184,0,144,128,14,14,25088,196,14,1,40,77.80909375041246
1,0,0,144,832,7,7,40768,49,7,1,0,0,256,832,1,1,0,0,1,1,1,1,1,0,1,300,0,144,256,7,7,12544,49,7,1,40,133.4449675509294
1,0,0,144,832,7,7,40768,49,7,1,0,0,160,832,1,1,0,0,1,1,1,1,1,0,1,300,0,144,160,7,7,7840,49,7,1,40,126.52894605272647
1,0,0,144,160,7,7,7840,49,7,1,0,0,320,160,3,3,1,1,1,1,1,1,1,0,1,300,0,144,320,7,7,15680,49,7,1,40,15.200541986014517
1,0,0,144,832,7,7,40768,49,7,1,0,0,32,832,1,1,0,0,1,1,1,1,1,0,1,300,0,144,32,7,7,1568,49,7,1,40,108.19360868045298
1,0,0,144,32,7,7,1568,49,7,1,0,0,128,32,5,5,2,2,1,1,1,1,1,0,1,300,0,144,128,7,7,6272,49,7,1,40,6.210175582674944
1,0,0,144,832,7,7,40768,49,7,1,0,0,128,832,1,1,0,0,1,1,1,1,1,0,1,300,0,144,128,7,7,6272,49,7,1,40,66.15595213069415
1,0,0,144,832,7,7,40768,49,7,1,0,0,384,832,1,1,0,0,1,1,1,1,1,0,1,300,0,144,384,7,7,18816,49,7,1,40,135.42985437940308
1,0,0,144,832,7,7,40768,49,7,1,0,0,192,832,1,1,0,0,1,1,1,1,1,0,1,300,0,144,192,7,7,9408,49,7,1,40,125.61124960375446
1,0,0,144,192,7,7,9408,49,7,1,0,0,384,192,3,3,1,1,1,1,1,1,1,0,1,300,0,144,384,7,7,18816,49,7,1,40,16.89789763191933
1,0,0,144,832,7,7,40768,49,7,1,0,0,48,832,1,1,0,0,1,1,1,1,1,0,1,300,0,144,48,7,7,2352,49,7,1,40,109.77084444675377
1,0,0,144,48,7,7,2352,49,7,1,0,0,128,48,5,5,2,2,1,1,1,1,1,0,1,300,0,144,128,7,7,6272,49,7,1,40,5.4088882416125434
1,0,0,27,3,224,224,150528,50176,224,1,0,0,64,3,3,3,1,1,1,1,1,1,1,0,1,301064,0,27,64,224,224,3211264,50176,224,1,40,183.5993385103484
1,0,0,27,64,224,224,3211264,50176,224,1,0,0,64,64,3,3,1,1,1,1,1,1,1,0,6,409856,0,27,64,224,224,3211264,50176,224,1,40,78.52689295999367
1,0,0,27,64,112,112,802816,12544,112,1,0,0,128,64,3,3,1,1,1,1,1,1,1,0,6,819712,0,27,128,112,112,1605632,12544,112,1,40,48.71113185923615
1,0,0,27,128,112,112,1605632,12544,112,1,0,0,128,128,3,3,1,1,1,1,1,1,1,0,6,1638912,0,27,128,112,112,1605632,12544,112,1,40,45.364772658740485
1,0,0,27,128,56,56,401408,3136,56,1,0,0,256,128,3,3,1,1,1,1,1,1,1,0,6,3277824,0,27,256,56,56,802816,3136,56,1,40,23.89851958704113
1,0,0,27,256,56,56,802816,3136,56,1,0,0,256,256,3,3,1,1,1,1,1,1,1,0,6,6554624,0,27,256,56,56,802816,3136,56,1,40,54.46515443529451
1,0,0,27,256,28,28,200704,784,28,1,0,0,512,256,3,3,1,1,1,1,1,1,1,0,6,13109248,0,27,512,28,28,401408,784,28,1,40,12.626614771464357
1,0,0,27,512,28,28,401408,784,28,1,0,0,512,512,3,3,1,1,1,1,1,1,1,0,6,26216448,0,27,512,28,28,401408,784,28,1,40,12.768313137607342
1,0,0,27,512,14,14,100352,196,14,1,0,0,512,512,3,3,1,1,1,1,1,1,1,0,6,26216448,0,27,512,14,14,100352,196,14,1,40,18.28063552687834
1,0,0,32768,1,28,28,784,784,28,1,0,0,20,1,5,5,0,0,1,1,1,1,1,0,1,3464,0,32768,20,24,24,11520,576,24,1,30,91.50302520509014
1,0,0,32768,20,12,12,2880,144,12,1,0,0,50,20,5,5,0,0,1,1,1,1,1,0,1,392,0,32768,50,8,8,3200,64,8,1,30,19.66846615103445
1,0,0,32,3,152,152,69312,23104,152,1,0,0,32,3,11,11,0,0,1,1,1,1,1,0,0,0,0,32,32,142,142,645248,20164,142,1,30,9.63
1,0,0,32,32,71,71,161312,5041,71,1,0,0,16,32,9,9,0,0,1,1,1,1,1,0,0,0,0,32,16,63,63,63504,3969,63,1,30,2.07
1,0,0,144,3,227,227,154587,51529,227,1,0,0,64,3,7,7,3,3,2,2,1,1,1,0,1,77984,0,144,64,114,114,831744,12996,114,1,30,46.5260898995005
1,0,0,144,64,57,57,207936,3249,57,1,0,0,64,64,1,1,0,0,1,1,1,1,1,0,1,19500,0,144,64,57,57,207936,3249,57,1,30,164.60069994125837
1,0,0,144,64,57,57,207936,3249,57,1,0,0,192,64,3,3,1,1,1,1,1,1,1,0,6,1229568,0,144,192,57,57,623808,3249,57,1,30,28.097788944829606
1,0,0,144,192,28,28,150528,784,28,1,0,0,64,192,1,1,0,0,1,1,1,1,1,0,1,4712,0,144,64,28,28,50176,784,28,1,30,126.23528402959562
1,0,0,144,192,28,28,150528,784,28,1,0,0,96,192,1,1,0,0,1,1,1,1,1,0,1,4712,0,144,96,28,28,75264,784,28,1,30,194.44149533850737
1,0,0,144,96,28,28,75264,784,28,1,0,0,128,96,3,3,1,1,1,1,1,1,1,0,6,1229312,0,144,128,28,28,100352,784,28,1,30,25.336723705114053
1,0,0,144,192,28,28,150528,784,28,1,0,0,16,192,1,1,0,0,1,1,1,1,1,0,1,4712,0,144,16,28,28,12544,784,28,1,30,184.89006257725575
1,0,0,144,16,28,28,12544,784,28,1,0,0,32,16,5,5,2,2,1,1,1,1,1,0,1,4712,0,144,32,28,28,25088,784,28,1,30,18.450943490459924
1,0,0,144,192,28,28,150528,784,28,1,0,0,32,192,1,1,0,0,1,1,1,1,1,0,1,4712,0,144,32,28,28,25088,784,28,1,30,182.43937330323703
1,0,0,144,256,28,28,200704,784,28,1,0,0,128,256,1,1,0,0,1,1,1,1,1,0,1,4712,0,144,128,28,28,100352,784,28,1,30,124.02123539222515
1,0,0,144,128,28,28,100352,784,28,1,0,0,192,128,3,3,1,1,1,1,1,1,1,0,6,2458368,0,144,192,28,28,150528,784,28,1,30,18.750815661515745
1,0,0,144,256,28,28,200704,784,28,1,0,0,32,256,1,1,0,0,1,1,1,1,1,0,1,4712,0,144,32,28,28,25088,784,28,1,30,180.5403604636221
1,0,0,144,32,28,28,25088,784,28,1,0,0,96,32,5,5,2,2,1,1,1,1,1,0,1,4712,0,144,96,28,28,75264,784,28,1,30,14.082349769301313
1,0,0,144,256,28,28,200704,784,28,1,0,0,64,256,1,1,0,0,1,1,1,1,1,0,1,4712,0,144,64,28,28,50176,784,28,1,30,121.3450022166316
1,0,0,144,480,14,14,94080,196,14,1,0,0,192,480,1,1,0,0,1,1,1,1,1,0,1,1184,0,144,192,14,14,37632,196,14,1,30,113.61908041386056
1,0,0,144,480,14,14,94080,196,14,1,0,0,96,480,1,1,0,0,1,1,1,1,1,0,1,1184,0,144,96,14,14,18816,196,14,1,30,57.601657344558376
1,0,0,144,96,14,14,18816,196,14,1,0,0,208,96,3,3,1,1,1,1,1,1,1,0,6,2095936,0,144,208,14,14,40768,196,14,1,30,12.424947375733788
1,0,0,144,480,14,14,94080,196,14,1,0,0,16,480,1,1,0,0,1,1,1,1,1,0,1,1184,0,144,16,14,14,3136,196,14,1,30,162.10818548622092
1,0,0,144,16,14,14,3136,196,14,1,0,0,48,16,5,5,2,2,1,1,1,1,1,0,1,1184,0,144,48,14,14,9408,196,14,1,30,9.491479991792835
1,0,0,144,480,14,14,94080,196,14,1,0,0,64,480,1,1,0,0,1,1,1,1,1,0,1,1184,0,144,64,14,14,12544,196,14,1,30,105.21516459689681
1,0,0,144,512,14,14,100352,196,14,1,0,0,160,512,1,1,0,0,1,1,1,1,1,0,1,1184,0,144,160,14,14,31360,196,14,1,30,181.06174392257935
1,0,0,144,512,14,14,100352,196,14,1,0,0,112,512,1,1,0,0,1,1,1,1,1,0,1,1184,0,144,112,14,14,21952,196,14,1,30,59.04983086622026
1,0,0,144,112,14,14,21952,196,14,1,0,0,224,112,3,3,1,1,1,1,1,1,1,0,6,2509696,0,144,224,14,14,43904,196,14,1,30,12.243922011143878
1,0,0,144,512,14,14,100352,196,14,1,0,0,24,512,1,1,0,0,1,1,1,1,1,0,1,1184,0,144,24,14,14,4704,196,14,1,30,159.82456642705534
1,0,0,144,24,14,14,4704,196,14,1,0,0,64,24,5,5,2,2,1,1,1,1,1,0,1,1184,0,144,64,14,14,12544,196,14,1,30,10.28258267329929
1,0,0,144,512,14,14,100352,196,14,1,0,0,64,512,1,1,0,0,1,1,1,1,1,0,1,1184,0,144,64,14,14,12544,196,14,1,30,105.7406117304795
1,0,0,144,512,14,14,100352,196,14,1,0,0,128,512,1,1,0,0,1,1,1,1,1,0,1,1184,0,144,128,14,14,25088,196,14,1,30,60.637032319423845
1,0,0,144,128,14,14,25088,196,14,1,0,0,256,128,3,3,1,1,1,1,1,1,1,0,6,3277824,0,144,256,14,14,50176,196,14,1,30,11.111406305651723
1,0,0,144,512,14,14,100352,196,14,1,0,0,144,512,1,1,0,0,1,1,1,1,1,0,1,1184,0,144,144,14,14,28224,196,14,1,30,183.58002501931693
1,0,0,144,144,14,14,28224,196,14,1,0,0,288,144,3,3,1,1,1,1,1,1,1,0,6,4148352,0,144,288,14,14,56448,196,14,1,30,10.241843771479555
1,0,0,144,512,14,14,100352,196,14,1,0,0,32,512,1,1,0,0,1,1,1,1,1,0,1,1184,0,144,32,14,14,6272,196,14,1,30,157.65701367172417
1,0,0,144,32,14,14,6272,196,14,1,0,0,64,32,5,5,2,2,1,1,1,1,1,0,1,1184,0,144,64,14,14,12544,196,14,1,30,8.780197910011621
1,0,0,144,528,14,14,103488,196,14,1,0,0,256,528,1,1,0,0,1,1,1,1,1,0,1,1184,0,144,256,14,14,50176,196,14,1,30,63.78105189658068
1,0,0,144,528,14,14,103488,196,14,1,0,0,160,528,1,1,0,0,1,1,1,1,1,0,1,1184,0,144,160,14,14,31360,196,14,1,30,191.2288632413306
1,0,0,144,160,14,14,31360,196,14,1,0,0,320,160,3,3,1,1,1,1,1,1,1,0,6,5121280,0,144,320,14,14,62720,196,14,1,30,9.544648710364449
1,0,0,144,528,14,14,103488,196,14,1,0,0,32,528,1,1,0,0,1,1,1,1,1,0,1,1184,0,144,32,14,14,6272,196,14,1,30,162.15133961929354
1,0,0,144,32,14,14,6272,196,14,1,0,0,128,32,5,5,2,2,1,1,1,1,1,0,1,1184,0,144,128,14,14,25088,196,14,1,30,8.574853873069177
1,0,0,144,528,14,14,103488,196,14,1,0,0,128,528,1,1,0,0,1,1,1,1,1,0,1,1184,0,144,128,14,14,25088,196,14,1,30,61.25817149101506
1,0,0,144,832,7,7,40768,49,7,1,0,0,256,832,1,1,0,0,1,1,1,1,1,0,1,300,0,144,256,7,7,12544,49,7,1,30,107.2138407260765
1,0,0,144,832,7,7,40768,49,7,1,0,0,160,832,1,1,0,0,1,1,1,1,1,0,1,300,0,144,160,7,7,7840,49,7,1,30,104.77710840381832
1,0,0,144,160,7,7,7840,49,7,1,0,0,320,160,3,3,1,1,1,1,1,1,1,0,1,300,0,144,320,7,7,15680,49,7,1,30,12.190660966838124
1,0,0,144,832,7,7,40768,49,7,1,0,0,32,832,1,1,0,0,1,1,1,1,1,0,1,300,0,144,32,7,7,1568,49,7,1,30,106.56666186120945
1,0,0,144,32,7,7,1568,49,7,1,0,0,128,32,5,5,2,2,1,1,1,1,1,0,1,300,0,144,128,7,7,6272,49,7,1,30,4.513735965163934
1,0,0,144,832,7,7,40768,49,7,1,0,0,128,832,1,1,0,0,1,1,1,1,1,0,1,300,0,144,128,7,7,6272,49,7,1,30,49.95627036859006
1,0,0,144,832,7,7,40768,49,7,1,0,0,384,832,1,1,0,0,1,1,1,1,1,0,1,300,0,144,384,7,7,18816,49,7,1,30,109.18843012582447
1,0,0,144,832,7,7,40768,49,7,1,0,0,192,832,1,1,0,0,1,1,1,1,1,0,1,300,0,144,192,7,7,9408,49,7,1,30,104.85431660846575
1,0,0,144,192,7,7,9408,49,7,1,0,0,384,192,3,3,1,1,1,1,1,1,1,0,1,300,0,144,384,7,7,18816,49,7,1,30,13.225975956950382
1,0,0,144,832,7,7,40768,49,7,1,0,0,48,832,1,1,0,0,1,1,1,1,1,0,1,300,0,144,48,7,7,2352,49,7,1,30,80.4440851178761
1,0,0,144,48,7,7,2352,49,7,1,0,0,128,48,5,5,2,2,1,1,1,1,1,0,1,300,0,144,128,7,7,6272,49,7,1,30,3.8938200791842634
1,0,0,27,3,224,224,150528,50176,224,1,0,0,64,3,3,3,1,1,1,1,1,1,1,0,1,301064,0,27,64,224,224,3211264,50176,224,1,30,144.34904218092612
1,0,0,27,64,224,224,3211264,50176,224,1,0,0,64,64,3,3,1,1,1,1,1,1,1,0,6,409856,0,27,64,224,224,3211264,50176,224,1,30,61.40312225550913
1,0,0,27,64,112,112,802816,12544,112,1,0,0,128,64,3,3,1,1,1,1,1,1,1,0,6,819712,0,27,128,112,112,1605632,12544,112,1,30,38.76535539587364
1,0,0,27,128,112,112,1605632,12544,112,1,0,0,128,128,3,3,1,1,1,1,1,1,1,0,6,1638912,0,27,128,112,112,1605632,12544,112,1,30,36.00370845772777
1,0,0,27,128,56,56,401408,3136,56,1,0,0,256,128,3,3,1,1,1,1,1,1,1,0,6,3277824,0,27,256,56,56,802816,3136,56,1,30,18.56082284924139
1,0,0,27,256,56,56,802816,3136,56,1,0,0,256,256,3,3,1,1,1,1,1,1,1,0,6,6554624,0,27,256,56,56,802816,3136,56,1,30,47.43236548605185
1,0,0,27,256,28,28,200704,784,28,1,0,0,512,256,3,3,1,1,1,1,1,1,1,0,6,13109248,0,27,512,28,28,401408,784,28,1,30,9.31812105931126
1,0,0,27,512,28,28,401408,784,28,1,0,0,512,512,3,3,1,1,1,1,1,1,1,0,6,26216448,0,27,512,28,28,401408,784,28,1,30,10.18886714938084
1,0,0,27,512,14,14,100352,196,14,1,0,0,512,512,3,3,1,1,1,1,1,1,1,0,6,26216448,0,27,512,14,14,100352,196,14,1,30,15.933432888671838
1,0,0,32768,1,28,28,784,784,28,1,0,0,20,1,5,5,0,0,1,1,1,1,1,0,1,3464,0,32768,20,24,24,11520,576,24,1,20,58.483068026890294
1,0,0,32768,20,12,12,2880,144,12,1,0,0,50,20,5,5,0,0,1,1,1,1,1,0,1,392,0,32768,50,8,8,3200,64,8,1,20,12.589363721893973
1,0,0,32,3,152,152,69312,23104,152,1,0,0,32,3,11,11,0,0,1,1,1,1,1,0,0,0,0,32,32,142,142,645248,20164,142,1,20,6.09
1,0,0,32,32,71,71,161312,5041,71,1,0,0,16,32,9,9,0,0,1,1,1,1,1,0,0,0,0,32,16,63,63,63504,3969,63,1,20,1.33
1,0,0,144,3,227,227,154587,51529,227,1,0,0,64,3,7,7,3,3,2,2,1,1,1,0,1,77984,0,144,64,114,114,831744,12996,114,1,20,29.873876348005684
1,0,0,144,64,57,57,207936,3249,57,1,0,0,64,64,1,1,0,0,1,1,1,1,1,0,1,19500,0,144,64,57,57,207936,3249,57,1,20,106.31878321782418
1,0,0,144,64,57,57,207936,3249,57,1,0,0,192,64,3,3,1,1,1,1,1,1,1,0,6,1229568,0,144,192,57,57,623808,3249,57,1,20,17.956022315523736
1,0,0,144,192,28,28,150528,784,28,1,0,0,64,192,1,1,0,0,1,1,1,1,1,0,1,4712,0,144,64,28,28,50176,784,28,1,20,81.78545786523546
1,0,0,144,192,28,28,150528,784,28,1,0,0,96,192,1,1,0,0,1,1,1,1,1,0,1,4712,0,144,96,28,28,75264,784,28,1,20,125.24839706375637
1,0,0,144,96,28,28,75264,784,28,1,0,0,128,96,3,3,1,1,1,1,1,1,1,0,6,1229312,0,144,128,28,28,100352,784,28,1,20,16.22666946048302
1,0,0,144,192,28,28,150528,784,28,1,0,0,16,192,1,1,0,0,1,1,1,1,1,0,1,4712,0,144,16,28,28,12544,784,28,1,20,121.42614753965255
1,0,0,144,16,28,28,12544,784,28,1,0,0,32,16,5,5,2,2,1,1,1,1,1,0,1,4712,0,144,32,28,28,25088,784,28,1,20,12.154601425975887
1,0,0,144,192,28,28,150528,784,28,1,0,0,32,192,1,1,0,0,1,1,1,1,1,0,1,4712,0,144,32,28,28,25088,784,28,1,20,121.74345115806582
1,0,0,144,256,28,28,200704,784,28,1,0,0,128,256,1,1,0,0,1,1,1,1,1,0,1,4712,0,144,128,28,28,100352,784,28,1,20,79.88825626699591
1,0,0,144,128,28,28,100352,784,28,1,0,0,192,128,3,3,1,1,1,1,1,1,1,0,6,2458368,0,144,192,28,28,150528,784,28,1,20,12.004410037052462
1,0,0,144,256,28,28,200704,784,28,1,0,0,32,256,1,1,0,0,1,1,1,1,1,0,1,4712,0,144,32,28,28,25088,784,28,1,20,120.81172066013315
1,0,0,144,32,28,28,25088,784,28,1,0,0,96,32,5,5,2,2,1,1,1,1,1,0,1,4712,0,144,96,28,28,75264,784,28,1,20,9.006843003873636
1,0,0,144,256,28,28,200704,784,28,1,0,0,64,256,1,1,0,0,1,1,1,1,1,0,1,4712,0,144,64,28,28,50176,784,28,1,20,78.54018709033026
1,0,0,144,480,14,14,94080,196,14,1,0,0,192,480,1,1,0,0,1,1,1,1,1,0,1,1184,0,144,192,14,14,37632,196,14,1,20,73.30349409661947
1,0,0,144,480,14,14,94080,196,14,1,0,0,96,480,1,1,0,0,1,1,1,1,1,0,1,1184,0,144,96,14,14,18816,196,14,1,20,38.27626388743515
1,0,0,144,96,14,14,18816,196,14,1,0,0,208,96,3,3,1,1,1,1,1,1,1,0,6,2095936,0,144,208,14,14,40768,196,14,1,20,7.9284507861520455
1,0,0,144,480,14,14,94080,196,14,1,0,0,16,480,1,1,0,0,1,1,1,1,1,0,1,1184,0,144,16,14,14,3136,196,14,1,20,113.30302280197458
1,0,0,144,16,14,14,3136,196,14,1,0,0,48,16,5,5,2,2,1,1,1,1,1,0,1,1184,0,144,48,14,14,9408,196,14,1,20,6.556600161275871
1,0,0,144,480,14,14,94080,196,14,1,0,0,64,480,1,1,0,0,1,1,1,1,1,0,1,1184,0,144,64,14,14,12544,196,14,1,20,71.20583143675911
1,0,0,144,512,14,14,100352,196,14,1,0,0,160,512,1,1,0,0,1,1,1,1,1,0,1,1184,0,144,160,14,14,31360,196,14,1,20,117.85712845324663
1,0,0,144,512,14,14,100352,196,14,1,0,0,112,512,1,1,0,0,1,1,1,1,1,0,1,1184,0,144,112,14,14,21952,196,14,1,20,39.44811110991465
1,0,0,144,112,14,14,21952,196,14,1,0,0,224,112,3,3,1,1,1,1,1,1,1,0,6,2509696,0,144,224,14,14,43904,196,14,1,20,7.82557671439073
1,0,0,144,512,14,14,100352,196,14,1,0,0,24,512,1,1,0,0,1,1,1,1,1,0,1,1184,0,144,24,14,14,4704,196,14,1,20,111.91615583356648
1,0,0,144,24,14,14,4704,196,14,1,0,0,64,24,5,5,2,2,1,1,1,1,1,0,1,1184,0,144,64,14,14,12544,196,14,1,20,7.049645648805681
1,0,0,144,512,14,14,100352,196,14,1,0,0,64,512,1,1,0,0,1,1,1,1,1,0,1,1184,0,144,64,14,14,12544,196,14,1,20,71.06272090615501
1,0,0,144,512,14,14,100352,196,14,1,0,0,128,512,1,1,0,0,1,1,1,1,1,0,1,1184,0,144,128,14,14,25088,196,14,1,20,40.3365274370391
1,0,0,144,128,14,14,25088,196,14,1,0,0,256,128,3,3,1,1,1,1,1,1,1,0,6,3277824,0,144,256,14,14,50176,196,14,1,20,7.121064861637443
1,0,0,144,512,14,14,100352,196,14,1,0,0,144,512,1,1,0,0,1,1,1,1,1,0,1,1184,0,144,144,14,14,28224,196,14,1,20,119.23274429542536
1,0,0,144,144,14,14,28224,196,14,1,0,0,288,144,3,3,1,1,1,1,1,1,1,0,6,4148352,0,144,288,14,14,56448,196,14,1,20,6.557235500486648
1,0,0,144,512,14,14,100352,196,14,1,0,0,32,512,1,1,0,0,1,1,1,1,1,0,1,1184,0,144,32,14,14,6272,196,14,1,20,109.39010639336658
1,0,0,144,32,14,14,6272,196,14,1,0,0,64,32,5,5,2,2,1,1,1,1,1,0,1,1184,0,144,64,14,14,12544,196,14,1,20,5.986248019253031
1,0,0,144,528,14,14,103488,196,14,1,0,0,256,528,1,1,0,0,1,1,1,1,1,0,1,1184,0,144,256,14,14,50176,196,14,1,20,40.85318349500747
1,0,0,144,528,14,14,103488,196,14,1,0,0,160,528,1,1,0,0,1,1,1,1,1,0,1,1184,0,144,160,14,14,31360,196,14,1,20,123.30321350917657
1,0,0,144,160,14,14,31360,196,14,1,0,0,320,160,3,3,1,1,1,1,1,1,1,0,6,5121280,0,144,320,14,14,62720,196,14,1,20,6.1075369842828096
1,0,0,144,528,14,14,103488,196,14,1,0,0,32,528,1,1,0,0,1,1,1,1,1,0,1,1184,0,144,32,14,14,6272,196,14,1,20,114.05892973416411
1,0,0,144,32,14,14,6272,196,14,1,0,0,128,32,5,5,2,2,1,1,1,1,1,0,1,1184,0,144,128,14,14,25088,196,14,1,20,5.812953451692817
1,0,0,144,528,14,14,103488,196,14,1,0,0,128,528,1,1,0,0,1,1,1,1,1,0,1,1184,0,144,128,14,14,25088,196,14,1,20,40.54641686510303
1,0,0,144,832,7,7,40768,49,7,1,0,0,256,832,1,1,0,0,1,1,1,1,1,0,1,300,0,144,256,7,7,12544,49,7,1,20,67.91570511360464
1,0,0,144,832,7,7,40768,49,7,1,0,0,160,832,1,1,0,0,1,1,1,1,1,0,1,300,0,144,160,7,7,7840,49,7,1,20,66.50117615000373
1,0,0,144,160,7,7,7840,49,7,1,0,0,320,160,3,3,1,1,1,1,1,1,1,0,1,300,0,144,320,7,7,15680,49,7,1,20,8.801354121277035
1,0,0,144,832,7,7,40768,49,7,1,0,0,32,832,1,1,0,0,1,1,1,1,1,0,1,300,0,144,32,7,7,1568,49,7,1,20,96.11865129837757
1,0,0,144,32,7,7,1568,49,7,1,0,0,128,32,5,5,2,2,1,1,1,1,1,0,1,300,0,144,128,7,7,6272,49,7,1,20,3.2176548797071134
1,0,0,144,832,7,7,40768,49,7,1,0,0,128,832,1,1,0,0,1,1,1,1,1,0,1,300,0,144,128,7,7,6272,49,7,1,20,36.079307398309226
1,0,0,144,832,7,7,40768,49,7,1,0,0,384,832,1,1,0,0,1,1,1,1,1,0,1,300,0,144,384,7,7,18816,49,7,1,20,69.60944328999861
1,0,0,144,832,7,7,40768,49,7,1,0,0,192,832,1,1,0,0,1,1,1,1,1,0,1,300,0,144,192,7,7,9408,49,7,1,20,66.24548447918303
1,0,0,144,192,7,7,9408,49,7,1,0,0,384,192,3,3,1,1,1,1,1,1,1,0,1,300,0,144,384,7,7,18816,49,7,1,20,9.353541010911785
1,0,0,144,832,7,7,40768,49,7,1,0,0,48,832,1,1,0,0,1,1,1,1,1,0,1,300,0,144,48,7,7,2352,49,7,1,20,61.166438661434256
1,0,0,144,48,7,7,2352,49,7,1,0,0,128,48,5,5,2,2,1,1,1,1,1,0,1,300,0,144,128,7,7,6272,49,7,1,20,2.762050323173473
1,0,0,27,3,224,224,150528,50176,224,1,0,0,64,3,3,3,1,1,1,1,1,1,1,0,1,301064,0,27,64,224,224,3211264,50176,224,1,20,92.80723573683186
1,0,0,27,64,224,224,3211264,50176,224,1,0,0,64,64,3,3,1,1,1,1,1,1,1,0,6,409856,0,27,64,224,224,3211264,50176,224,1,20,39.05789199739753
1,0,0,27,64,112,112,802816,12544,112,1,0,0,128,64,3,3,1,1,1,1,1,1,1,0,6,819712,0,27,128,112,112,1605632,12544,112,1,20,24.726190053809074
1,0,0,27,128,112,112,1605632,12544,112,1,0,0,128,128,3,3,1,1,1,1,1,1,1,0,6,1638912,0,27,128,112,112,1605632,12544,112,1,20,23.090848847335643
1,0,0,27,128,56,56,401408,3136,56,1,0,0,256,128,3,3,1,1,1,1,1,1,1,0,6,3277824,0,27,256,56,56,802816,3136,56,1,20,11.813226532307644
1,0,0,27,256,56,56,802816,3136,56,1,0,0,256,256,3,3,1,1,1,1,1,1,1,0,6,6554624,0,27,256,56,56,802816,3136,56,1,20,31.409853220369026
1,0,0,27,256,28,28,200704,784,28,1,0,0,512,256,3,3,1,1,1,1,1,1,1,0,6,13109248,0,27,512,28,28,401408,784,28,1,20,5.7891940694760535
1,0,0,27,512,28,28,401408,784,28,1,0,0,512,512,3,3,1,1,1,1,1,1,1,0,6,26216448,0,27,512,28,28,401408,784,28,1,20,6.149566161524619
1,0,0,27,512,14,14,100352,196,14,1,0,0,512,512,3,3,1,1,1,1,1,1,1,0,6,26216448,0,27,512,14,14,100352,196,14,1,20,9.477498732332496
1,0,0,32768,1,28,28,784,784,28,1,0,0,20,1,5,5,0,0,1,1,1,1,1,0,1,3464,0,32768,20,24,24,11520,576,24,1,10,33.247665270374654
1,0,0,32768,20,12,12,2880,144,12,1,0,0,50,20,5,5,0,0,1,1,1,1,1,0,1,392,0,32768,50,8,8,3200,64,8,1,10,7.169794229492407
1,0,0,32,3,152,152,69312,23104,152,1,0,0,32,3,11,11,0,0,1,1,1,1,1,0,0,0,0,32,32,142,142,645248,20164,142,1,10,3.49
1,0,0,32,32,71,71,161312,5041,71,1,0,0,16,32,9,9,0,0,1,1,1,1,1,0,0,0,0,32,16,63,63,63504,3969,63,1,10,0.7910900000000001
1,0,0,144,3,227,227,154587,51529,227,1,0,0,64,3,7,7,3,3,2,2,1,1,1,0,1,77984,0,144,64,114,114,831744,12996,114,1,10,17.017703546701302
1,0,0,144,64,57,57,207936,3249,57,1,0,0,64,64,1,1,0,0,1,1,1,1,1,0,1,19500,0,144,64,57,57,207936,3249,57,1,10,60.83843867267262
1,0,0,144,64,57,57,207936,3249,57,1,0,0,192,64,3,3,1,1,1,1,1,1,1,0,6,1229568,0,144,192,57,57,623808,3249,57,1,10,10.20381029683209
1,0,0,144,192,28,28,150528,784,28,1,0,0,64,192,1,1,0,0,1,1,1,1,1,0,1,4712,0,144,64,28,28,50176,784,28,1,10,47.304615429093666
1,0,0,144,192,28,28,150528,784,28,1,0,0,96,192,1,1,0,0,1,1,1,1,1,0,1,4712,0,144,96,28,28,75264,784,28,1,10,71.61228302514257
1,0,0,144,96,28,28,75264,784,28,1,0,0,128,96,3,3,1,1,1,1,1,1,1,0,6,1229312,0,144,128,28,28,100352,784,28,1,10,9.176855246195563
1,0,0,144,192,28,28,150528,784,28,1,0,0,16,192,1,1,0,0,1,1,1,1,1,0,1,4712,0,144,16,28,28,12544,784,28,1,10,70.45424996293802
1,0,0,144,16,28,28,12544,784,28,1,0,0,32,16,5,5,2,2,1,1,1,1,1,0,1,4712,0,144,32,28,28,25088,784,28,1,10,6.99164721283517
1,0,0,144,192,28,28,150528,784,28,1,0,0,32,192,1,1,0,0,1,1,1,1,1,0,1,4712,0,144,32,28,28,25088,784,28,1,10,70.24512275942861
1,0,0,144,256,28,28,200704,784,28,1,0,0,128,256,1,1,0,0,1,1,1,1,1,0,1,4712,0,144,128,28,28,100352,784,28,1,10,45.68633048711932
1,0,0,144,128,28,28,100352,784,28,1,0,0,192,128,3,3,1,1,1,1,1,1,1,0,6,2458368,0,144,192,28,28,150528,784,28,1,10,6.810066283145184
1,0,0,144,256,28,28,200704,784,28,1,0,0,32,256,1,1,0,0,1,1,1,1,1,0,1,4712,0,144,32,28,28,25088,784,28,1,10,69.42686792905076
1,0,0,144,32,28,28,25088,784,28,1,0,0,96,32,5,5,2,2,1,1,1,1,1,0,1,4712,0,144,96,28,28,75264,784,28,1,10,5.1689463462293395
1,0,0,144,256,28,28,200704,784,28,1,0,0,64,256,1,1,0,0,1,1,1,1,1,0,1,4712,0,144,64,28,28,50176,784,28,1,10,45.2323578526044
1,0,0,144,480,14,14,94080,196,14,1,0,0,192,480,1,1,0,0,1,1,1,1,1,0,1,1184,0,144,192,14,14,37632,196,14,1,10,41.99969110578599
1,0,0,144,480,14,14,94080,196,14,1,0,0,96,480,1,1,0,0,1,1,1,1,1,0,1,1184,0,144,96,14,14,18816,196,14,1,10,21.516430363788476
1,0,0,144,96,14,14,18816,196,14,1,0,0,208,96,3,3,1,1,1,1,1,1,1,0,6,2095936,0,144,208,14,14,40768,196,14,1,10,4.555362619477746
1,0,0,144,480,14,14,94080,196,14,1,0,0,16,480,1,1,0,0,1,1,1,1,1,0,1,1184,0,144,16,14,14,3136,196,14,1,10,66.0833830449069
1,0,0,144,16,14,14,3136,196,14,1,0,0,48,16,5,5,2,2,1,1,1,1,1,0,1,1184,0,144,48,14,14,9408,196,14,1,10,3.702635075478027
1,0,0,144,480,14,14,94080,196,14,1,0,0,64,480,1,1,0,0,1,1,1,1,1,0,1,1184,0,144,64,14,14,12544,196,14,1,10,40.480680799816234
1,0,0,144,512,14,14,100352,196,14,1,0,0,160,512,1,1,0,0,1,1,1,1,1,0,1,1184,0,144,160,14,14,31360,196,14,1,10,67.57146685502617
1,0,0,144,512,14,14,100352,196,14,1,0,0,112,512,1,1,0,0,1,1,1,1,1,0,1,1184,0,144,112,14,14,21952,196,14,1,10,21.99654866577873
1,0,0,144,112,14,14,21952,196,14,1,0,0,224,112,3,3,1,1,1,1,1,1,1,0,6,2509696,0,144,224,14,14,43904,196,14,1,10,4.484848638589159
1,0,0,144,512,14,14,100352,196,14,1,0,0,24,512,1,1,0,0,1,1,1,1,1,0,1,1184,0,144,24,14,14,4704,196,14,1,10,64.8333859171858
1,0,0,144,24,14,14,4704,196,14,1,0,0,64,24,5,5,2,2,1,1,1,1,1,0,1,1184,0,144,64,14,14,12544,196,14,1,10,3.983253500379348
1,0,0,144,512,14,14,100352,196,14,1,0,0,64,512,1,1,0,0,1,1,1,1,1,0,1,1184,0,144,64,14,14,12544,196,14,1,10,40.30565836625986
1,0,0,144,512,14,14,100352,196,14,1,0,0,128,512,1,1,0,0,1,1,1,1,1,0,1,1184,0,144,128,14,14,25088,196,14,1,10,22.46810641922462
1,0,0,144,128,14,14,25088,196,14,1,0,0,256,128,3,3,1,1,1,1,1,1,1,0,6,3277824,0,144,256,14,14,50176,196,14,1,10,4.036774835157436
1,0,0,144,512,14,14,100352,196,14,1,0,0,144,512,1,1,0,0,1,1,1,1,1,0,1,1184,0,144,144,14,14,28224,196,14,1,10,68.330095808832
1,0,0,144,144,14,14,28224,196,14,1,0,0,288,144,3,3,1,1,1,1,1,1,1,0,6,4148352,0,144,288,14,14,56448,196,14,1,10,3.7505234837188746
1,0,0,144,512,14,14,100352,196,14,1,0,0,32,512,1,1,0,0,1,1,1,1,1,0,1,1184,0,144,32,14,14,6272,196,14,1,10,63.32032844150337
1,0,0,144,32,14,14,6272,196,14,1,0,0,64,32,5,5,2,2,1,1,1,1,1,0,1,1184,0,144,64,14,14,12544,196,14,1,10,3.3856350752666047
1,0,0,144,528,14,14,103488,196,14,1,0,0,256,528,1,1,0,0,1,1,1,1,1,0,1,1184,0,144,256,14,14,50176,196,14,1,10,23.157893995205217
1,0,0,144,528,14,14,103488,196,14,1,0,0,160,528,1,1,0,0,1,1,1,1,1,0,1,1184,0,144,160,14,14,31360,196,14,1,10,70.98791783308876
1,0,0,144,160,14,14,31360,196,14,1,0,0,320,160,3,3,1,1,1,1,1,1,1,0,6,5121280,0,144,320,14,14,62720,196,14,1,10,3.4848398620497867
1,0,0,144,528,14,14,103488,196,14,1,0,0,32,528,1,1,0,0,1,1,1,1,1,0,1,1184,0,144,32,14,14,6272,196,14,1,10,66.00817351565676
1,0,0,144,32,14,14,6272,196,14,1,0,0,128,32,5,5,2,2,1,1,1,1,1,0,1,1184,0,144,128,14,14,25088,196,14,1,10,3.257998827881981
1,0,0,144,528,14,14,103488,196,14,1,0,0,128,528,1,1,0,0,1,1,1,1,1,0,1,1184,0,144,128,14,14,25088,196,14,1,10,22.48762728069044
1,0,0,144,832,7,7,40768,49,7,1,0,0,256,832,1,1,0,0,1,1,1,1,1,0,1,300,0,144,256,7,7,12544,49,7,1,10,39.18160210179943
1,0,0,144,832,7,7,40768,49,7,1,0,0,160,832,1,1,0,0,1,1,1,1,1,0,1,300,0,144,160,7,7,7840,49,7,1,10,38.53650146757287
1,0,0,144,160,7,7,7840,49,7,1,0,0,320,160,3,3,1,1,1,1,1,1,1,0,1,300,0,144,320,7,7,15680,49,7,1,10,5.286999420600118
1,0,0,144,832,7,7,40768,49,7,1,0,0,32,832,1,1,0,0,1,1,1,1,1,0,1,300,0,144,32,7,7,1568,49,7,1,10,53.412231424148594
1,0,0,144,32,7,7,1568,49,7,1,0,0,128,32,5,5,2,2,1,1,1,1,1,0,1,300,0,144,128,7,7,6272,49,7,1,10,1.8557096252672174
1,0,0,144,832,7,7,40768,49,7,1,0,0,128,832,1,1,0,0,1,1,1,1,1,0,1,300,0,144,128,7,7,6272,49,7,1,10,20.020130245484847
1,0,0,144,832,7,7,40768,49,7,1,0,0,384,832,1,1,0,0,1,1,1,1,1,0,1,300,0,144,384,7,7,18816,49,7,1,10,39.83544315104531
1,0,0,144,832,7,7,40768,49,7,1,0,0,192,832,1,1,0,0,1,1,1,1,1,0,1,300,0,144,192,7,7,9408,49,7,1,10,38.7264025939302
1,0,0,144,192,7,7,9408,49,7,1,0,0,384,192,3,3,1,1,1,1,1,1,1,0,1,300,0,144,384,7,7,18816,49,7,1,10,5.547832995532615
1,0,0,144,832,7,7,40768,49,7,1,0,0,48,832,1,1,0,0,1,1,1,1,1,0,1,300,0,144,48,7,7,2352,49,7,1,10,35.97682561353663
1,0,0,144,48,7,7,2352,49,7,1,0,0,128,48,5,5,2,2,1,1,1,1,1,0,1,300,0,144,128,7,7,6272,49,7,1,10,1.5975731045241812
1,0,0,27,3,224,224,150528,50176,224,1,0,0,64,3,3,3,1,1,1,1,1,1,1,0,1,301064,0,27,64,224,224,3211264,50176,224,1,10,52.9763150637993
1,0,0,27,64,224,224,3211264,50176,224,1,0,0,64,64,3,3,1,1,1,1,1,1,1,0,6,409856,0,27,64,224,224,3211264,50176,224,1,10,22.09000691578445
1,0,0,27,64,112,112,802816,12544,112,1,0,0,128,64,3,3,1,1,1,1,1,1,1,0,6,819712,0,27,128,112,112,1605632,12544,112,1,10,13.95486864507434
1,0,0,27,128,112,112,1605632,12544,112,1,0,0,128,128,3,3,1,1,1,1,1,1,1,0,6,1638912,0,27,128,112,112,1605632,12544,112,1,10,12.936808203976424
1,0,0,27,128,56,56,401408,3136,56,1,0,0,256,128,3,3,1,1,1,1,1,1,1,0,6,3277824,0,27,256,56,56,802816,3136,56,1,10,6.530373556102488
1,0,0,27,256,56,56,802816,3136,56,1,0,0,256,256,3,3,1,1,1,1,1,1,1,0,6,6554624,0,27,256,56,56,802816,3136,56,1,10,8.773394540030733
1,0,0,27,256,28,28,200704,784,28,1,0,0,512,256,3,3,1,1,1,1,1,1,1,0,6,13109248,0,27,512,28,28,401408,784,28,1,10,3.289754935101562
1,0,0,27,512,28,28,401408,784,28,1,0,0,512,512,3,3,1,1,1,1,1,1,1,0,6,26216448,0,27,512,28,28,401408,784,28,1,10,2.9498785654511024
1,0,0,27,512,14,14,100352,196,14,1,0,0,512,512,3,3,1,1,1,1,1,1,1,0,6,26216448,0,27,512,14,14,100352,196,14,1,10,5.0692150234711715
