1,0,0,32768,1,28,28,784,784,28,1,0,0,20,1,5,5,0,0,1,1,1,1,1,0,1,3464,0,32768,20,24,24,11520,576,24,1,100,5336.064
1,0,0,32768,20,12,12,2880,144,12,1,0,0,50,20,5,5,0,0,1,1,1,1,1,0,1,392,0,32768,50,8,8,3200,64,8,1,100,12420.607
1,0,0,32,3,152,152,69312,23104,152,1,0,0,32,3,11,11,0,0,1,1,1,1,1,0,0,0,0,32,32,142,142,645248,20164,142,1,100,2819.840
1,0,0,32,32,71,71,161312,5041,71,1,0,0,16,32,9,9,0,0,1,1,1,1,1,0,0,0,0,32,16,63,63,63504,3969,63,1,100,4128.224
1,0,0,144,3,227,227,154587,51529,227,1,0,0,64,3,7,7,3,3,2,2,1,1,1,0,1,77984,0,144,64,114,114,831744,12996,114,1,100,3765.824
1,0,0,144,64,57,57,207936,3249,57,1,0,0,64,64,1,1,0,0,1,1,1,1,1,0,1,19500,0,144,64,57,57,207936,3249,57,1,100,612.224
1,0,0,144,64,57,57,207936,3249,57,1,0,0,192,64,3,3,1,1,1,1,1,1,1,0,6,1229568,0,144,192,57,57,623808,3249,57,1,100,9352.672
1,0,0,144,192,28,28,150528,784,28,1,0,0,64,192,1,1,0,0,1,1,1,1,1,0,1,4712,0,144,64,28,28,50176,784,28,1,100,380.224
1,0,0,144,192,28,28,150528,784,28,1,0,0,96,192,1,1,0,0,1,1,1,1,1,0,1,4712,0,144,96,28,28,75264,784,28,1,100,730.912
1,0,0,144,96,28,28,75264,784,28,1,0,0,128,96,3,3,1,1,1,1,1,1,1,0,6,1229312,0,144,128,28,28,100352,784,28,1,100,2379.072
1,0,0,144,192,28,28,150528,784,28,1,0,0,16,192,1,1,0,0,1,1,1,1,1,0,1,4712,0,144,16,28,28,12544,784,28,1,100,331.936
1,0,0,144,16,28,28,12544,784,28,1,0,0,32,16,5,5,2,2,1,1,1,1,1,0,1,4712,0,144,32,28,28,25088,784,28,1,100,404.224
1,0,0,144,192,28,28,150528,784,28,1,0,0,32,192,1,1,0,0,1,1,1,1,1,0,1,4712,0,144,32,28,28,25088,784,28,1,100,358.368
1,0,0,144,256,28,28,200704,784,28,1,0,0,128,256,1,1,0,0,1,1,1,1,1,0,1,4712,0,144,128,28,28,100352,784,28,1,100,872.832
1,0,0,144,128,28,28,100352,784,28,1,0,0,192,128,3,3,1,1,1,1,1,1,1,0,6,2458368,0,144,192,28,28,150528,784,28,1,100,4156.736
1,0,0,144,256,28,28,200704,784,28,1,0,0,32,256,1,1,0,0,1,1,1,1,1,0,1,4712,0,144,32,28,28,25088,784,28,1,100,423.168
1,0,0,144,32,28,28,25088,784,28,1,0,0,96,32,5,5,2,2,1,1,1,1,1,0,1,4712,0,144,96,28,28,75264,784,28,1,100,1870.304
1,0,0,144,256,28,28,200704,784,28,1,0,0,64,256,1,1,0,0,1,1,1,1,1,0,1,4712,0,144,64,28,28,50176,784,28,1,100,517.440
1,0,0,144,480,14,14,94080,196,14,1,0,0,192,480,1,1,0,0,1,1,1,1,1,0,1,1184,0,144,192,14,14,37632,196,14,1,100,651.072
1,0,0,144,480,14,14,94080,196,14,1,0,0,96,480,1,1,0,0,1,1,1,1,1,0,1,1184,0,144,96,14,14,18816,196,14,1,100,526.976
1,0,0,144,96,14,14,18816,196,14,1,0,0,208,96,3,3,1,1,1,1,1,1,1,0,6,2095936,0,144,208,14,14,40768,196,14,1,100,1065.920
1,0,0,144,480,14,14,94080,196,14,1,0,0,16,480,1,1,0,0,1,1,1,1,1,0,1,1184,0,144,16,14,14,3136,196,14,1,100,306.528
1,0,0,144,16,14,14,3136,196,14,1,0,0,48,16,5,5,2,2,1,1,1,1,1,0,1,1184,0,144,48,14,14,9408,196,14,1,100,257.440
1,0,0,144,480,14,14,94080,196,14,1,0,0,64,480,1,1,0,0,1,1,1,1,1,0,1,1184,0,144,64,14,14,12544,196,14,1,100,368.384
1,0,0,144,512,14,14,100352,196,14,1,0,0,160,512,1,1,0,0,1,1,1,1,1,0,1,1184,0,144,160,14,14,31360,196,14,1,100,772.224
1,0,0,144,512,14,14,100352,196,14,1,0,0,112,512,1,1,0,0,1,1,1,1,1,0,1,1184,0,144,112,14,14,21952,196,14,1,100,546.528
1,0,0,144,112,14,14,21952,196,14,1,0,0,224,112,3,3,1,1,1,1,1,1,1,0,6,2509696,0,144,224,14,14,43904,196,14,1,100,1191.680
1,0,0,144,512,14,14,100352,196,14,1,0,0,24,512,1,1,0,0,1,1,1,1,1,0,1,1184,0,144,24,14,14,4704,196,14,1,100,292.608
1,0,0,144,24,14,14,4704,196,14,1,0,0,64,24,5,5,2,2,1,1,1,1,1,0,1,1184,0,144,64,14,14,12544,196,14,1,100,330.688
1,0,0,144,512,14,14,100352,196,14,1,0,0,64,512,1,1,0,0,1,1,1,1,1,0,1,1184,0,144,64,14,14,12544,196,14,1,100,390.912
1,0,0,144,512,14,14,100352,196,14,1,0,0,128,512,1,1,0,0,1,1,1,1,1,0,1,1184,0,144,128,14,14,25088,196,14,1,100,549.760
1,0,0,144,128,14,14,25088,196,14,1,0,0,256,128,3,3,1,1,1,1,1,1,1,0,6,3277824,0,144,256,14,14,50176,196,14,1,100,1513.696
1,0,0,144,512,14,14,100352,196,14,1,0,0,144,512,1,1,0,0,1,1,1,1,1,0,1,1184,0,144,144,14,14,28224,196,14,1,100,778.816
1,0,0,144,144,14,14,28224,196,14,1,0,0,288,144,3,3,1,1,1,1,1,1,1,0,6,4148352,0,144,288,14,14,56448,196,14,1,100,1825.664
1,0,0,144,512,14,14,100352,196,14,1,0,0,32,512,1,1,0,0,1,1,1,1,1,0,1,1184,0,144,32,14,14,6272,196,14,1,100,291.872
1,0,0,144,32,14,14,6272,196,14,1,0,0,64,32,5,5,2,2,1,1,1,1,1,0,1,1184,0,144,64,14,14,12544,196,14,1,100,429.120
1,0,0,144,528,14,14,103488,196,14,1,0,0,256,528,1,1,0,0,1,1,1,1,1,0,1,1184,0,144,256,14,14,50176,196,14,1,100,879.840
1,0,0,144,528,14,14,103488,196,14,1,0,0,160,528,1,1,0,0,1,1,1,1,1,0,1,1184,0,144,160,14,14,31360,196,14,1,100,720.352
1,0,0,144,160,14,14,31360,196,14,1,0,0,320,160,3,3,1,1,1,1,1,1,1,0,6,5121280,0,144,320,14,14,62720,196,14,1,100,2188.576
1,0,0,144,528,14,14,103488,196,14,1,0,0,32,528,1,1,0,0,1,1,1,1,1,0,1,1184,0,144,32,14,14,6272,196,14,1,100,299.616
1,0,0,144,32,14,14,6272,196,14,1,0,0,128,32,5,5,2,2,1,1,1,1,1,0,1,1184,0,144,128,14,14,25088,196,14,1,100,692.608
1,0,0,144,528,14,14,103488,196,14,1,0,0,128,528,1,1,0,0,1,1,1,1,1,0,1,1184,0,144,128,14,14,25088,196,14,1,100,564.832
1,0,0,144,832,7,7,40768,49,7,1,0,0,256,832,1,1,0,0,1,1,1,1,1,0,1,300,0,144,256,7,7,12544,49,7,1,100,499.040
1,0,0,144,832,7,7,40768,49,7,1,0,0,160,832,1,1,0,0,1,1,1,1,1,0,1,300,0,144,160,7,7,7840,49,7,1,100,419.488
1,0,0,144,160,7,7,7840,49,7,1,0,0,320,160,3,3,1,1,1,1,1,1,1,0,1,300,0,144,320,7,7,15680,49,7,1,100,804.384
1,0,0,144,832,7,7,40768,49,7,1,0,0,32,832,1,1,0,0,1,1,1,1,1,0,1,300,0,144,32,7,7,1568,49,7,1,100,303.136
1,0,0,144,32,7,7,1568,49,7,1,0,0,128,32,5,5,2,2,1,1,1,1,1,0,1,300,0,144,128,7,7,6272,49,7,1,100,244.864
1,0,0,144,832,7,7,40768,49,7,1,0,0,128,832,1,1,0,0,1,1,1,1,1,0,1,300,0,144,128,7,7,6272,49,7,1,100,316.064
1,0,0,144,832,7,7,40768,49,7,1,0,0,384,832,1,1,0,0,1,1,1,1,1,0,1,300,0,144,384,7,7,18816,49,7,1,100,598.304
1,0,0,144,832,7,7,40768,49,7,1,0,0,192,832,1,1,0,0,1,1,1,1,1,0,1,300,0,144,192,7,7,9408,49,7,1,100,368.224
1,0,0,144,192,7,7,9408,49,7,1,0,0,384,192,3,3,1,1,1,1,1,1,1,0,1,300,0,144,384,7,7,18816,49,7,1,100,1006.496
1,0,0,144,832,7,7,40768,49,7,1,0,0,48,832,1,1,0,0,1,1,1,1,1,0,1,300,0,144,48,7,7,2352,49,7,1,100,252.032
1,0,0,144,48,7,7,2352,49,7,1,0,0,128,48,5,5,2,2,1,1,1,1,1,0,1,300,0,144,128,7,7,6272,49,7,1,100,334.048
1,0,0,27,3,224,224,150528,50176,224,1,0,0,64,3,3,3,1,1,1,1,1,1,1,0,1,301064,0,27,64,224,224,3211264,50176,224,1,100,843.584
1,0,0,27,64,224,224,3211264,50176,224,1,0,0,64,64,3,3,1,1,1,1,1,1,1,0,6,409856,0,27,64,224,224,3211264,50176,224,1,100,7803.488
1,0,0,27,64,112,112,802816,12544,112,1,0,0,128,64,3,3,1,1,1,1,1,1,1,0,6,819712,0,27,128,112,112,1605632,12544,112,1,100,3723.488
1,0,0,27,128,112,112,1605632,12544,112,1,0,0,128,128,3,3,1,1,1,1,1,1,1,0,6,1638912,0,27,128,112,112,1605632,12544,112,1,100,6486.688
1,0,0,27,128,56,56,401408,3136,56,1,0,0,256,128,3,3,1,1,1,1,1,1,1,0,6,3277824,0,27,256,56,56,802816,3136,56,1,100,3791.200
1,0,0,27,256,56,56,802816,3136,56,1,0,0,256,256,3,3,1,1,1,1,1,1,1,0,6,6554624,0,27,256,56,56,802816,3136,56,1,100,6845.536
1,0,0,27,256,28,28,200704,784,28,1,0,0,512,256,3,3,1,1,1,1,1,1,1,0,6,13109248,0,27,512,28,28,401408,784,28,1,100,4544.416
1,0,0,27,512,28,28,401408,784,28,1,0,0,512,512,3,3,1,1,1,1,1,1,1,0,6,26216448,0,27,512,28,28,401408,784,28,1,100,8923.552
1,0,0,27,512,14,14,100352,196,14,1,0,0,512,512,3,3,1,1,1,1,1,1,1,0,6,26216448,0,27,512,14,14,100352,196,14,1,100,2544.736
1,0,0,32768,1,28,28,784,784,28,1,0,0,20,1,5,5,0,0,1,1,1,1,1,0,1,3464,0,32768,20,24,24,11520,576,24,1,90,5847.200
1,0,0,32768,20,12,12,2880,144,12,1,0,0,50,20,5,5,0,0,1,1,1,1,1,0,1,392,0,32768,50,8,8,3200,64,8,1,90,13597.855
1,0,0,32,3,152,152,69312,23104,152,1,0,0,32,3,11,11,0,0,1,1,1,1,1,0,0,0,0,32,32,142,142,645248,20164,142,1,90,3079.104
1,0,0,32,32,71,71,161312,5041,71,1,0,0,16,32,9,9,0,0,1,1,1,1,1,0,0,0,0,32,16,63,63,63504,3969,63,1,90,4528.064
1,0,0,144,3,227,227,154587,51529,227,1,0,0,64,3,7,7,3,3,2,2,1,1,1,0,1,77984,0,144,64,114,114,831744,12996,114,1,90,4040.992
1,0,0,144,64,57,57,207936,3249,57,1,0,0,64,64,1,1,0,0,1,1,1,1,1,0,1,19500,0,144,64,57,57,207936,3249,57,1,90,579.584
1,0,0,144,64,57,57,207936,3249,57,1,0,0,192,64,3,3,1,1,1,1,1,1,1,0,6,1229568,0,144,192,57,57,623808,3249,57,1,90,10195.937
1,0,0,144,192,28,28,150528,784,28,1,0,0,64,192,1,1,0,0,1,1,1,1,1,0,1,4712,0,144,64,28,28,50176,784,28,1,90,453.568
1,0,0,144,192,28,28,150528,784,28,1,0,0,96,192,1,1,0,0,1,1,1,1,1,0,1,4712,0,144,96,28,28,75264,784,28,1,90,733.696
1,0,0,144,96,28,28,75264,784,28,1,0,0,128,96,3,3,1,1,1,1,1,1,1,0,6,1229312,0,144,128,28,28,100352,784,28,1,90,2559.200
1,0,0,144,192,28,28,150528,784,28,1,0,0,16,192,1,1,0,0,1,1,1,1,1,0,1,4712,0,144,16,28,28,12544,784,28,1,90,350.752
1,0,0,144,16,28,28,12544,784,28,1,0,0,32,16,5,5,2,2,1,1,1,1,1,0,1,4712,0,144,32,28,28,25088,784,28,1,90,443.360
1,0,0,144,192,28,28,150528,784,28,1,0,0,32,192,1,1,0,0,1,1,1,1,1,0,1,4712,0,144,32,28,28,25088,784,28,1,90,359.136
1,0,0,144,256,28,28,200704,784,28,1,0,0,128,256,1,1,0,0,1,1,1,1,1,0,1,4712,0,144,128,28,28,100352,784,28,1,90,924.480
1,0,0,144,128,28,28,100352,784,28,1,0,0,192,128,3,3,1,1,1,1,1,1,1,0,6,2458368,0,144,192,28,28,150528,784,28,1,90,4640.576
1,0,0,144,256,28,28,200704,784,28,1,0,0,32,256,1,1,0,0,1,1,1,1,1,0,1,4712,0,144,32,28,28,25088,784,28,1,90,408.128
1,0,0,144,32,28,28,25088,784,28,1,0,0,96,32,5,5,2,2,1,1,1,1,1,0,1,4712,0,144,96,28,28,75264,784,28,1,90,2068.544
1,0,0,144,256,28,28,200704,784,28,1,0,0,64,256,1,1,0,0,1,1,1,1,1,0,1,4712,0,144,64,28,28,50176,784,28,1,90,550.592
1,0,0,144,480,14,14,94080,196,14,1,0,0,192,480,1,1,0,0,1,1,1,1,1,0,1,1184,0,144,192,14,14,37632,196,14,1,90,702.688
1,0,0,144,480,14,14,94080,196,14,1,0,0,96,480,1,1,0,0,1,1,1,1,1,0,1,1184,0,144,96,14,14,18816,196,14,1,90,478.240
1,0,0,144,96,14,14,18816,196,14,1,0,0,208,96,3,3,1,1,1,1,1,1,1,0,6,2095936,0,144,208,14,14,40768,196,14,1,90,1147.296
1,0,0,144,480,14,14,94080,196,14,1,0,0,16,480,1,1,0,0,1,1,1,1,1,0,1,1184,0,144,16,14,14,3136,196,14,1,90,223.936
1,0,0,144,16,14,14,3136,196,14,1,0,0,48,16,5,5,2,2,1,1,1,1,1,0,1,1184,0,144,48,14,14,9408,196,14,1,90,252.224
1,0,0,144,480,14,14,94080,196,14,1,0,0,64,480,1,1,0,0,1,1,1,1,1,0,1,1184,0,144,64,14,14,12544,196,14,1,90,317.216
1,0,0,144,512,14,14,100352,196,14,1,0,0,160,512,1,1,0,0,1,1,1,1,1,0,1,1184,0,144,160,14,14,31360,196,14,1,90,782.304
1,0,0,144,512,14,14,100352,196,14,1,0,0,112,512,1,1,0,0,1,1,1,1,1,0,1,1184,0,144,112,14,14,21952,196,14,1,90,556.480
1,0,0,144,112,14,14,21952,196,14,1,0,0,224,112,3,3,1,1,1,1,1,1,1,0,6,2509696,0,144,224,14,14,43904,196,14,1,90,1293.632
1,0,0,144,512,14,14,100352,196,14,1,0,0,24,512,1,1,0,0,1,1,1,1,1,0,1,1184,0,144,24,14,14,4704,196,14,1,90,286.336
1,0,0,144,24,14,14,4704,196,14,1,0,0,64,24,5,5,2,2,1,1,1,1,1,0,1,1184,0,144,64,14,14,12544,196,14,1,90,338.592
1,0,0,144,512,14,14,100352,196,14,1,0,0,64,512,1,1,0,0,1,1,1,1,1,0,1,1184,0,144,64,14,14,12544,196,14,1,90,383.968
1,0,0,144,512,14,14,100352,196,14,1,0,0,128,512,1,1,0,0,1,1,1,1,1,0,1,1184,0,144,128,14,14,25088,196,14,1,90,552.448
1,0,0,144,128,14,14,25088,196,14,1,0,0,256,128,3,3,1,1,1,1,1,1,1,0,6,3277824,0,144,256,14,14,50176,196,14,1,90,1630.208
1,0,0,144,512,14,14,100352,196,14,1,0,0,144,512,1,1,0,0,1,1,1,1,1,0,1,1184,0,144,144,14,14,28224,196,14,1,90,775.936
1,0,0,144,144,14,14,28224,196,14,1,0,0,288,144,3,3,1,1,1,1,1,1,1,0,6,4148352,0,144,288,14,14,56448,196,14,1,90,1993.824
1,0,0,144,512,14,14,100352,196,14,1,0,0,32,512,1,1,0,0,1,1,1,1,1,0,1,1184,0,144,32,14,14,6272,196,14,1,90,285.344
1,0,0,144,32,14,14,6272,196,14,1,0,0,64,32,5,5,2,2,1,1,1,1,1,0,1,1184,0,144,64,14,14,12544,196,14,1,90,419.968
1,0,0,144,528,14,14,103488,196,14,1,0,0,256,528,1,1,0,0,1,1,1,1,1,0,1,1184,0,144,256,14,14,50176,196,14,1,90,971.200
1,0,0,144,528,14,14,103488,196,14,1,0,0,160,528,1,1,0,0,1,1,1,1,1,0,1,1184,0,144,160,14,14,31360,196,14,1,90,802.688
1,0,0,144,160,14,14,31360,196,14,1,0,0,320,160,3,3,1,1,1,1,1,1,1,0,6,5121280,0,144,320,14,14,62720,196,14,1,90,2387.552
1,0,0,144,528,14,14,103488,196,14,1,0,0,32,528,1,1,0,0,1,1,1,1,1,0,1,1184,0,144,32,14,14,6272,196,14,1,90,241.088
1,0,0,144,32,14,14,6272,196,14,1,0,0,128,32,5,5,2,2,1,1,1,1,1,0,1,1184,0,144,128,14,14,25088,196,14,1,90,702.368
1,0,0,144,528,14,14,103488,196,14,1,0,0,128,528,1,1,0,0,1,1,1,1,1,0,1,1184,0,144,128,14,14,25088,196,14,1,90,562.880
1,0,0,144,832,7,7,40768,49,7,1,0,0,256,832,1,1,0,0,1,1,1,1,1,0,1,300,0,144,256,7,7,12544,49,7,1,90,515.488
1,0,0,144,832,7,7,40768,49,7,1,0,0,160,832,1,1,0,0,1,1,1,1,1,0,1,300,0,144,160,7,7,7840,49,7,1,90,428.224
1,0,0,144,160,7,7,7840,49,7,1,0,0,320,160,3,3,1,1,1,1,1,1,1,0,1,300,0,144,320,7,7,15680,49,7,1,90,811.680
1,0,0,144,832,7,7,40768,49,7,1,0,0,32,832,1,1,0,0,1,1,1,1,1,0,1,300,0,144,32,7,7,1568,49,7,1,90,294.016
1,0,0,144,32,7,7,1568,49,7,1,0,0,128,32,5,5,2,2,1,1,1,1,1,0,1,300,0,144,128,7,7,6272,49,7,1,90,216.064
1,0,0,144,832,7,7,40768,49,7,1,0,0,128,832,1,1,0,0,1,1,1,1,1,0,1,300,0,144,128,7,7,6272,49,7,1,90,324.384
1,0,0,144,832,7,7,40768,49,7,1,0,0,384,832,1,1,0,0,1,1,1,1,1,0,1,300,0,144,384,7,7,18816,49,7,1,90,659.232
1,0,0,144,832,7,7,40768,49,7,1,0,0,192,832,1,1,0,0,1,1,1,1,1,0,1,300,0,144,192,7,7,9408,49,7,1,90,426.816
1,0,0,144,192,7,7,9408,49,7,1,0,0,384,192,3,3,1,1,1,1,1,1,1,0,1,300,0,144,384,7,7,18816,49,7,1,90,1140.320
1,0,0,144,832,7,7,40768,49,7,1,0,0,48,832,1,1,0,0,1,1,1,1,1,0,1,300,0,144,48,7,7,2352,49,7,1,90,264.448
1,0,0,144,48,7,7,2352,49,7,1,0,0,128,48,5,5,2,2,1,1,1,1,1,0,1,300,0,144,128,7,7,6272,49,7,1,90,318.880
1,0,0,27,3,224,224,150528,50176,224,1,0,0,64,3,3,3,1,1,1,1,1,1,1,0,1,301064,0,27,64,224,224,3211264,50176,224,1,90,912.960
1,0,0,27,64,224,224,3211264,50176,224,1,0,0,64,64,3,3,1,1,1,1,1,1,1,0,6,409856,0,27,64,224,224,3211264,50176,224,1,90,8475.328
1,0,0,27,64,112,112,802816,12544,112,1,0,0,128,64,3,3,1,1,1,1,1,1,1,0,6,819712,0,27,128,112,112,1605632,12544,112,1,90,4124.000
1,0,0,27,128,112,112,1605632,12544,112,1,0,0,128,128,3,3,1,1,1,1,1,1,1,0,6,1638912,0,27,128,112,112,1605632,12544,112,1,90,6949.248
1,0,0,27,128,56,56,401408,3136,56,1,0,0,256,128,3,3,1,1,1,1,1,1,1,0,6,3277824,0,27,256,56,56,802816,3136,56,1,90,4102.048
1,0,0,27,256,56,56,802816,3136,56,1,0,0,256,256,3,3,1,1,1,1,1,1,1,0,6,6554624,0,27,256,56,56,802816,3136,56,1,90,7450.752
1,0,0,27,256,28,28,200704,784,28,1,0,0,512,256,3,3,1,1,1,1,1,1,1,0,6,13109248,0,27,512,28,28,401408,784,28,1,90,4946.624
1,0,0,27,512,28,28,401408,784,28,1,0,0,512,512,3,3,1,1,1,1,1,1,1,0,6,26216448,0,27,512,28,28,401408,784,28,1,90,9736.319
1,0,0,27,512,14,14,100352,196,14,1,0,0,512,512,3,3,1,1,1,1,1,1,1,0,6,26216448,0,27,512,14,14,100352,196,14,1,90,2929.248
1,0,0,32768,1,28,28,784,784,28,1,0,0,20,1,5,5,0,0,1,1,1,1,1,0,1,3464,0,32768,20,24,24,11520,576,24,1,80,6430.624
1,0,0,32768,20,12,12,2880,144,12,1,0,0,50,20,5,5,0,0,1,1,1,1,1,0,1,392,0,32768,50,8,8,3200,64,8,1,80,15029.792
1,0,0,32,3,152,152,69312,23104,152,1,0,0,32,3,11,11,0,0,1,1,1,1,1,0,0,0,0,32,32,142,142,645248,20164,142,1,80,3399.680
1,0,0,32,32,71,71,161312,5041,71,1,0,0,16,32,9,9,0,0,1,1,1,1,1,0,0,0,0,32,16,63,63,63504,3969,63,1,80,4920.672
1,0,0,144,3,227,227,154587,51529,227,1,0,0,64,3,7,7,3,3,2,2,1,1,1,0,1,77984,0,144,64,114,114,831744,12996,114,1,80,4527.072
1,0,0,144,64,57,57,207936,3249,57,1,0,0,64,64,1,1,0,0,1,1,1,1,1,0,1,19500,0,144,64,57,57,207936,3249,57,1,80,681.440
1,0,0,144,64,57,57,207936,3249,57,1,0,0,192,64,3,3,1,1,1,1,1,1,1,0,6,1229568,0,144,192,57,57,623808,3249,57,1,80,11135.520
1,0,0,144,192,28,28,150528,784,28,1,0,0,64,192,1,1,0,0,1,1,1,1,1,0,1,4712,0,144,64,28,28,50176,784,28,1,80,466.880
1,0,0,144,192,28,28,150528,784,28,1,0,0,96,192,1,1,0,0,1,1,1,1,1,0,1,4712,0,144,96,28,28,75264,784,28,1,80,755.104
1,0,0,144,96,28,28,75264,784,28,1,0,0,128,96,3,3,1,1,1,1,1,1,1,0,6,1229312,0,144,128,28,28,100352,784,28,1,80,2825.312
1,0,0,144,192,28,28,150528,784,28,1,0,0,16,192,1,1,0,0,1,1,1,1,1,0,1,4712,0,144,16,28,28,12544,784,28,1,80,374.944
1,0,0,144,16,28,28,12544,784,28,1,0,0,32,16,5,5,2,2,1,1,1,1,1,0,1,4712,0,144,32,28,28,25088,784,28,1,80,465.472
1,0,0,144,192,28,28,150528,784,28,1,0,0,32,192,1,1,0,0,1,1,1,1,1,0,1,4712,0,144,32,28,28,25088,784,28,1,80,355.936
1,0,0,144,256,28,28,200704,784,28,1,0,0,128,256,1,1,0,0,1,1,1,1,1,0,1,4712,0,144,128,28,28,100352,784,28,1,80,946.016
1,0,0,144,128,28,28,100352,784,28,1,0,0,192,128,3,3,1,1,1,1,1,1,1,0,6,2458368,0,144,192,28,28,150528,784,28,1,80,5108.704
1,0,0,144,256,28,28,200704,784,28,1,0,0,32,256,1,1,0,0,1,1,1,1,1,0,1,4712,0,144,32,28,28,25088,784,28,1,80,425.536
1,0,0,144,32,28,28,25088,784,28,1,0,0,96,32,5,5,2,2,1,1,1,1,1,0,1,4712,0,144,96,28,28,75264,784,28,1,80,2262.016
1,0,0,144,256,28,28,200704,784,28,1,0,0,64,256,1,1,0,0,1,1,1,1,1,0,1,4712,0,144,64,28,28,50176,784,28,1,80,573.856
1,0,0,144,480,14,14,94080,196,14,1,0,0,192,480,1,1,0,0,1,1,1,1,1,0,1,1184,0,144,192,14,14,37632,196,14,1,80,769.248
1,0,0,144,480,14,14,94080,196,14,1,0,0,96,480,1,1,0,0,1,1,1,1,1,0,1,1184,0,144,96,14,14,18816,196,14,1,80,562.048
1,0,0,144,96,14,14,18816,196,14,1,0,0,208,96,3,3,1,1,1,1,1,1,1,0,6,2095936,0,144,208,14,14,40768,196,14,1,80,1281.888
1,0,0,144,480,14,14,94080,196,14,1,0,0,16,480,1,1,0,0,1,1,1,1,1,0,1,1184,0,144,16,14,14,3136,196,14,1,80,244.928
1,0,0,144,16,14,14,3136,196,14,1,0,0,48,16,5,5,2,2,1,1,1,1,1,0,1,1184,0,144,48,14,14,9408,196,14,1,80,254.592
1,0,0,144,480,14,14,94080,196,14,1,0,0,64,480,1,1,0,0,1,1,1,1,1,0,1,1184,0,144,64,14,14,12544,196,14,1,80,364.416
1,0,0,144,512,14,14,100352,196,14,1,0,0,160,512,1,1,0,0,1,1,1,1,1,0,1,1184,0,144,160,14,14,31360,196,14,1,80,793.248
1,0,0,144,512,14,14,100352,196,14,1,0,0,112,512,1,1,0,0,1,1,1,1,1,0,1,1184,0,144,112,14,14,21952,196,14,1,80,571.744
1,0,0,144,112,14,14,21952,196,14,1,0,0,224,112,3,3,1,1,1,1,1,1,1,0,6,2509696,0,144,224,14,14,43904,196,14,1,80,1435.104
1,0,0,144,512,14,14,100352,196,14,1,0,0,24,512,1,1,0,0,1,1,1,1,1,0,1,1184,0,144,24,14,14,4704,196,14,1,80,240.768
1,0,0,144,24,14,14,4704,196,14,1,0,0,64,24,5,5,2,2,1,1,1,1,1,0,1,1184,0,144,64,14,14,12544,196,14,1,80,337.696
1,0,0,144,512,14,14,100352,196,14,1,0,0,64,512,1,1,0,0,1,1,1,1,1,0,1,1184,0,144,64,14,14,12544,196,14,1,80,379.616
1,0,0,144,512,14,14,100352,196,14,1,0,0,128,512,1,1,0,0,1,1,1,1,1,0,1,1184,0,144,128,14,14,25088,196,14,1,80,568.256
1,0,0,144,128,14,14,25088,196,14,1,0,0,256,128,3,3,1,1,1,1,1,1,1,0,6,3277824,0,144,256,14,14,50176,196,14,1,80,1778.080
1,0,0,144,512,14,14,100352,196,14,1,0,0,144,512,1,1,0,0,1,1,1,1,1,0,1,1184,0,144,144,14,14,28224,196,14,1,80,732.864
1,0,0,144,144,14,14,28224,196,14,1,0,0,288,144,3,3,1,1,1,1,1,1,1,0,6,4148352,0,144,288,14,14,56448,196,14,1,80,2164.832
1,0,0,144,512,14,14,100352,196,14,1,0,0,32,512,1,1,0,0,1,1,1,1,1,0,1,1184,0,144,32,14,14,6272,196,14,1,80,293.120
1,0,0,144,32,14,14,6272,196,14,1,0,0,64,32,5,5,2,2,1,1,1,1,1,0,1,1184,0,144,64,14,14,12544,196,14,1,80,416.032
1,0,0,144,528,14,14,103488,196,14,1,0,0,256,528,1,1,0,0,1,1,1,1,1,0,1,1184,0,144,256,14,14,50176,196,14,1,80,1010.784
1,0,0,144,528,14,14,103488,196,14,1,0,0,160,528,1,1,0,0,1,1,1,1,1,0,1,1184,0,144,160,14,14,31360,196,14,1,80,805.312
1,0,0,144,160,14,14,31360,196,14,1,0,0,320,160,3,3,1,1,1,1,1,1,1,0,6,5121280,0,144,320,14,14,62720,196,14,1,80,2604.544
1,0,0,144,528,14,14,103488,196,14,1,0,0,32,528,1,1,0,0,1,1,1,1,1,0,1,1184,0,144,32,14,14,6272,196,14,1,80,300.064
1,0,0,144,32,14,14,6272,196,14,1,0,0,128,32,5,5,2,2,1,1,1,1,1,0,1,1184,0,144,128,14,14,25088,196,14,1,80,731.392
1,0,0,144,528,14,14,103488,196,14,1,0,0,128,528,1,1,0,0,1,1,1,1,1,0,1,1184,0,144,128,14,14,25088,196,14,1,80,575.936
1,0,0,144,832,7,7,40768,49,7,1,0,0,256,832,1,1,0,0,1,1,1,1,1,0,1,300,0,144,256,7,7,12544,49,7,1,80,512.288
1,0,0,144,832,7,7,40768,49,7,1,0,0,160,832,1,1,0,0,1,1,1,1,1,0,1,300,0,144,160,7,7,7840,49,7,1,80,422.752
1,0,0,144,160,7,7,7840,49,7,1,0,0,320,160,3,3,1,1,1,1,1,1,1,0,1,300,0,144,320,7,7,15680,49,7,1,80,833.472
1,0,0,144,832,7,7,40768,49,7,1,0,0,32,832,1,1,0,0,1,1,1,1,1,0,1,300,0,144,32,7,7,1568,49,7,1,80,302.208
1,0,0,144,32,7,7,1568,49,7,1,0,0,128,32,5,5,2,2,1,1,1,1,1,0,1,300,0,144,128,7,7,6272,49,7,1,80,230.336
1,0,0,144,832,7,7,40768,49,7,1,0,0,128,832,1,1,0,0,1,1,1,1,1,0,1,300,0,144,128,7,7,6272,49,7,1,80,368.160
1,0,0,144,832,7,7,40768,49,7,1,0,0,384,832,1,1,0,0,1,1,1,1,1,0,1,300,0,144,384,7,7,18816,49,7,1,80,597.184
1,0,0,144,832,7,7,40768,49,7,1,0,0,192,832,1,1,0,0,1,1,1,1,1,0,1,300,0,144,192,7,7,9408,49,7,1,80,416.704
1,0,0,144,192,7,7,9408,49,7,1,0,0,384,192,3,3,1,1,1,1,1,1,1,0,1,300,0,144,384,7,7,18816,49,7,1,80,1171.008
1,0,0,144,832,7,7,40768,49,7,1,0,0,48,832,1,1,0,0,1,1,1,1,1,0,1,300,0,144,48,7,7,2352,49,7,1,80,253.664
1,0,0,144,48,7,7,2352,49,7,1,0,0,128,48,5,5,2,2,1,1,1,1,1,0,1,300,0,144,128,7,7,6272,49,7,1,80,316.736
1,0,0,27,3,224,224,150528,50176,224,1,0,0,64,3,3,3,1,1,1,1,1,1,1,0,1,301064,0,27,64,224,224,3211264,50176,224,1,80,992.384
1,0,0,27,64,224,224,3211264,50176,224,1,0,0,64,64,3,3,1,1,1,1,1,1,1,0,6,409856,0,27,64,224,224,3211264,50176,224,1,80,9324.768
1,0,0,27,64,112,112,802816,12544,112,1,0,0,128,64,3,3,1,1,1,1,1,1,1,0,6,819712,0,27,128,112,112,1605632,12544,112,1,80,4469.856
1,0,0,27,128,112,112,1605632,12544,112,1,0,0,128,128,3,3,1,1,1,1,1,1,1,0,6,1638912,0,27,128,112,112,1605632,12544,112,1,80,7872.096
1,0,0,27,128,56,56,401408,3136,56,1,0,0,256,128,3,3,1,1,1,1,1,1,1,0,6,3277824,0,27,256,56,56,802816,3136,56,1,80,4475.264
1,0,0,27,256,56,56,802816,3136,56,1,0,0,256,256,3,3,1,1,1,1,1,1,1,0,6,6554624,0,27,256,56,56,802816,3136,56,1,80,8321.312
1,0,0,27,256,28,28,200704,784,28,1,0,0,512,256,3,3,1,1,1,1,1,1,1,0,6,13109248,0,27,512,28,28,401408,784,28,1,80,5597.600
1,0,0,27,512,28,28,401408,784,28,1,0,0,512,512,3,3,1,1,1,1,1,1,1,0,6,26216448,0,27,512,28,28,401408,784,28,1,80,11021.280
1,0,0,27,512,14,14,100352,196,14,1,0,0,512,512,3,3,1,1,1,1,1,1,1,0,6,26216448,0,27,512,14,14,100352,196,14,1,80,3068.576
1,0,0,32768,1,28,28,784,784,28,1,0,0,20,1,5,5,0,0,1,1,1,1,1,0,1,3464,0,32768,20,24,24,11520,576,24,1,70,7495.424
1,0,0,32768,20,12,12,2880,144,12,1,0,0,50,20,5,5,0,0,1,1,1,1,1,0,1,392,0,32768,50,8,8,3200,64,8,1,70,17463.072
1,0,0,32,3,152,152,69312,23104,152,1,0,0,32,3,11,11,0,0,1,1,1,1,1,0,0,0,0,32,32,142,142,645248,20164,142,1,70,3927.328
1,0,0,32,32,71,71,161312,5041,71,1,0,0,16,32,9,9,0,0,1,1,1,1,1,0,0,0,0,32,16,63,63,63504,3969,63,1,70,5702.432
1,0,0,144,3,227,227,154587,51529,227,1,0,0,64,3,7,7,3,3,2,2,1,1,1,0,1,77984,0,144,64,114,114,831744,12996,114,1,70,5351.936
1,0,0,144,64,57,57,207936,3249,57,1,0,0,64,64,1,1,0,0,1,1,1,1,1,0,1,19500,0,144,64,57,57,207936,3249,57,1,70,759.616
1,0,0,144,64,57,57,207936,3249,57,1,0,0,192,64,3,3,1,1,1,1,1,1,1,0,6,1229568,0,144,192,57,57,623808,3249,57,1,70,13287.712
1,0,0,144,192,28,28,150528,784,28,1,0,0,64,192,1,1,0,0,1,1,1,1,1,0,1,4712,0,144,64,28,28,50176,784,28,1,70,531.104
1,0,0,144,192,28,28,150528,784,28,1,0,0,96,192,1,1,0,0,1,1,1,1,1,0,1,4712,0,144,96,28,28,75264,784,28,1,70,816.384
1,0,0,144,96,28,28,75264,784,28,1,0,0,128,96,3,3,1,1,1,1,1,1,1,0,6,1229312,0,144,128,28,28,100352,784,28,1,70,3252.256
1,0,0,144,192,28,28,150528,784,28,1,0,0,16,192,1,1,0,0,1,1,1,1,1,0,1,4712,0,144,16,28,28,12544,784,28,1,70,384.672
1,0,0,144,16,28,28,12544,784,28,1,0,0,32,16,5,5,2,2,1,1,1,1,1,0,1,4712,0,144,32,28,28,25088,784,28,1,70,525.184
1,0,0,144,192,28,28,150528,784,28,1,0,0,32,192,1,1,0,0,1,1,1,1,1,0,1,4712,0,144,32,28,28,25088,784,28,1,70,379.872
1,0,0,144,256,28,28,200704,784,28,1,0,0,128,256,1,1,0,0,1,1,1,1,1,0,1,4712,0,144,128,28,28,100352,784,28,1,70,1069.824
1,0,0,144,128,28,28,100352,784,28,1,0,0,192,128,3,3,1,1,1,1,1,1,1,0,6,2458368,0,144,192,28,28,150528,784,28,1,70,6038.848
1,0,0,144,256,28,28,200704,784,28,1,0,0,32,256,1,1,0,0,1,1,1,1,1,0,1,4712,0,144,32,28,28,25088,784,28,1,70,451.616
1,0,0,144,32,28,28,25088,784,28,1,0,0,96,32,5,5,2,2,1,1,1,1,1,0,1,4712,0,144,96,28,28,75264,784,28,1,70,2601.024
1,0,0,144,256,28,28,200704,784,28,1,0,0,64,256,1,1,0,0,1,1,1,1,1,0,1,4712,0,144,64,28,28,50176,784,28,1,70,654.016
1,0,0,144,480,14,14,94080,196,14,1,0,0,192,480,1,1,0,0,1,1,1,1,1,0,1,1184,0,144,192,14,14,37632,196,14,1,70,835.008
1,0,0,144,480,14,14,94080,196,14,1,0,0,96,480,1,1,0,0,1,1,1,1,1,0,1,1184,0,144,96,14,14,18816,196,14,1,70,622.496
1,0,0,144,96,14,14,18816,196,14,1,0,0,208,96,3,3,1,1,1,1,1,1,1,0,6,2095936,0,144,208,14,14,40768,196,14,1,70,1450.912
1,0,0,144,480,14,14,94080,196,14,1,0,0,16,480,1,1,0,0,1,1,1,1,1,0,1,1184,0,144,16,14,14,3136,196,14,1,70,312.096
1,0,0,144,16,14,14,3136,196,14,1,0,0,48,16,5,5,2,2,1,1,1,1,1,0,1,1184,0,144,48,14,14,9408,196,14,1,70,272.384
1,0,0,144,480,14,14,94080,196,14,1,0,0,64,480,1,1,0,0,1,1,1,1,1,0,1,1184,0,144,64,14,14,12544,196,14,1,70,405.920
1,0,0,144,512,14,14,100352,196,14,1,0,0,160,512,1,1,0,0,1,1,1,1,1,0,1,1184,0,144,160,14,14,31360,196,14,1,70,833.472
1,0,0,144,512,14,14,100352,196,14,1,0,0,112,512,1,1,0,0,1,1,1,1,1,0,1,1184,0,144,112,14,14,21952,196,14,1,70,661.440
1,0,0,144,112,14,14,21952,196,14,1,0,0,224,112,3,3,1,1,1,1,1,1,1,0,6,2509696,0,144,224,14,14,43904,196,14,1,70,1626.816
1,0,0,144,512,14,14,100352,196,14,1,0,0,24,512,1,1,0,0,1,1,1,1,1,0,1,1184,0,144,24,14,14,4704,196,14,1,70,266.048
1,0,0,144,24,14,14,4704,196,14,1,0,0,64,24,5,5,2,2,1,1,1,1,1,0,1,1184,0,144,64,14,14,12544,196,14,1,70,378.816
1,0,0,144,512,14,14,100352,196,14,1,0,0,64,512,1,1,0,0,1,1,1,1,1,0,1,1184,0,144,64,14,14,12544,196,14,1,70,412.928
1,0,0,144,512,14,14,100352,196,14,1,0,0,128,512,1,1,0,0,1,1,1,1,1,0,1,1184,0,144,128,14,14,25088,196,14,1,70,664.352
1,0,0,144,128,14,14,25088,196,14,1,0,0,256,128,3,3,1,1,1,1,1,1,1,0,6,3277824,0,144,256,14,14,50176,196,14,1,70,2093.056
1,0,0,144,512,14,14,100352,196,14,1,0,0,144,512,1,1,0,0,1,1,1,1,1,0,1,1184,0,144,144,14,14,28224,196,14,1,70,870.816
1,0,0,144,144,14,14,28224,196,14,1,0,0,288,144,3,3,1,1,1,1,1,1,1,0,6,4148352,0,144,288,14,14,56448,196,14,1,70,2504.288
1,0,0,144,512,14,14,100352,196,14,1,0,0,32,512,1,1,0,0,1,1,1,1,1,0,1,1184,0,144,32,14,14,6272,196,14,1,70,319.168
1,0,0,144,32,14,14,6272,196,14,1,0,0,64,32,5,5,2,2,1,1,1,1,1,0,1,1184,0,144,64,14,14,12544,196,14,1,70,477.408
1,0,0,144,528,14,14,103488,196,14,1,0,0,256,528,1,1,0,0,1,1,1,1,1,0,1,1184,0,144,256,14,14,50176,196,14,1,70,1184.480
1,0,0,144,528,14,14,103488,196,14,1,0,0,160,528,1,1,0,0,1,1,1,1,1,0,1,1184,0,144,160,14,14,31360,196,14,1,70,888.544
1,0,0,144,160,14,14,31360,196,14,1,0,0,320,160,3,3,1,1,1,1,1,1,1,0,6,5121280,0,144,320,14,14,62720,196,14,1,70,3025.408
1,0,0,144,528,14,14,103488,196,14,1,0,0,32,528,1,1,0,0,1,1,1,1,1,0,1,1184,0,144,32,14,14,6272,196,14,1,70,273.696
1,0,0,144,32,14,14,6272,196,14,1,0,0,128,32,5,5,2,2,1,1,1,1,1,0,1,1184,0,144,128,14,14,25088,196,14,1,70,857.056
1,0,0,144,528,14,14,103488,196,14,1,0,0,128,528,1,1,0,0,1,1,1,1,1,0,1,1184,0,144,128,14,14,25088,196,14,1,70,615.392
1,0,0,144,832,7,7,40768,49,7,1,0,0,256,832,1,1,0,0,1,1,1,1,1,0,1,300,0,144,256,7,7,12544,49,7,1,70,577.440
1,0,0,144,832,7,7,40768,49,7,1,0,0,160,832,1,1,0,0,1,1,1,1,1,0,1,300,0,144,160,7,7,7840,49,7,1,70,487.424
1,0,0,144,160,7,7,7840,49,7,1,0,0,320,160,3,3,1,1,1,1,1,1,1,0,1,300,0,144,320,7,7,15680,49,7,1,70,947.776
1,0,0,144,832,7,7,40768,49,7,1,0,0,32,832,1,1,0,0,1,1,1,1,1,0,1,300,0,144,32,7,7,1568,49,7,1,70,318.016
1,0,0,144,32,7,7,1568,49,7,1,0,0,128,32,5,5,2,2,1,1,1,1,1,0,1,300,0,144,128,7,7,6272,49,7,1,70,372.512
1,0,0,144,832,7,7,40768,49,7,1,0,0,128,832,1,1,0,0,1,1,1,1,1,0,1,300,0,144,128,7,7,6272,49,7,1,70,470.464
1,0,0,144,832,7,7,40768,49,7,1,0,0,384,832,1,1,0,0,1,1,1,1,1,0,1,300,0,144,384,7,7,18816,49,7,1,70,749.600
1,0,0,144,832,7,7,40768,49,7,1,0,0,192,832,1,1,0,0,1,1,1,1,1,0,1,300,0,144,192,7,7,9408,49,7,1,70,489.728
1,0,0,144,192,7,7,9408,49,7,1,0,0,384,192,3,3,1,1,1,1,1,1,1,0,1,300,0,144,384,7,7,18816,49,7,1,70,1337.472
1,0,0,144,832,7,7,40768,49,7,1,0,0,48,832,1,1,0,0,1,1,1,1,1,0,1,300,0,144,48,7,7,2352,49,7,1,70,325.152
1,0,0,144,48,7,7,2352,49,7,1,0,0,128,48,5,5,2,2,1,1,1,1,1,0,1,300,0,144,128,7,7,6272,49,7,1,70,548.000
1,0,0,27,3,224,224,150528,50176,224,1,0,0,64,3,3,3,1,1,1,1,1,1,1,0,1,301064,0,27,64,224,224,3211264,50176,224,1,70,1184.960
1,0,0,27,64,224,224,3211264,50176,224,1,0,0,64,64,3,3,1,1,1,1,1,1,1,0,6,409856,0,27,64,224,224,3211264,50176,224,1,70,10717.376
1,0,0,27,64,112,112,802816,12544,112,1,0,0,128,64,3,3,1,1,1,1,1,1,1,0,6,819712,0,27,128,112,112,1605632,12544,112,1,70,5305.920
1,0,0,27,128,112,112,1605632,12544,112,1,0,0,128,128,3,3,1,1,1,1,1,1,1,0,6,1638912,0,27,128,112,112,1605632,12544,112,1,70,9071.744
1,0,0,27,128,56,56,401408,3136,56,1,0,0,256,128,3,3,1,1,1,1,1,1,1,0,6,3277824,0,27,256,56,56,802816,3136,56,1,70,5394.592
1,0,0,27,256,56,56,802816,3136,56,1,0,0,256,256,3,3,1,1,1,1,1,1,1,0,6,6554624,0,27,256,56,56,802816,3136,56,1,70,9706.688
1,0,0,27,256,28,28,200704,784,28,1,0,0,512,256,3,3,1,1,1,1,1,1,1,0,6,13109248,0,27,512,28,28,401408,784,28,1,70,6318.432
1,0,0,27,512,28,28,401408,784,28,1,0,0,512,512,3,3,1,1,1,1,1,1,1,0,6,26216448,0,27,512,28,28,401408,784,28,1,70,12418.560
1,0,0,27,512,14,14,100352,196,14,1,0,0,512,512,3,3,1,1,1,1,1,1,1,0,6,26216448,0,27,512,14,14,100352,196,14,1,70,3428.192
1,0,0,32768,1,28,28,784,784,28,1,0,0,20,1,5,5,0,0,1,1,1,1,1,0,1,3464,0,32768,20,24,24,11520,576,24,1,60,8465.728
1,0,0,32768,20,12,12,2880,144,12,1,0,0,50,20,5,5,0,0,1,1,1,1,1,0,1,392,0,32768,50,8,8,3200,64,8,1,60,19869.119
1,0,0,32,3,152,152,69312,23104,152,1,0,0,32,3,11,11,0,0,1,1,1,1,1,0,0,0,0,32,32,142,142,645248,20164,142,1,60,4482.016
1,0,0,32,32,71,71,161312,5041,71,1,0,0,16,32,9,9,0,0,1,1,1,1,1,0,0,0,0,32,16,63,63,63504,3969,63,1,60,6465.856
1,0,0,144,3,227,227,154587,51529,227,1,0,0,64,3,7,7,3,3,2,2,1,1,1,0,1,77984,0,144,64,114,114,831744,12996,114,1,60,5952.256
1,0,0,144,64,57,57,207936,3249,57,1,0,0,64,64,1,1,0,0,1,1,1,1,1,0,1,19500,0,144,64,57,57,207936,3249,57,1,60,839.808
1,0,0,144,64,57,57,207936,3249,57,1,0,0,192,64,3,3,1,1,1,1,1,1,1,0,6,1229568,0,144,192,57,57,623808,3249,57,1,60,15301.472
1,0,0,144,192,28,28,150528,784,28,1,0,0,64,192,1,1,0,0,1,1,1,1,1,0,1,4712,0,144,64,28,28,50176,784,28,1,60,579.552
1,0,0,144,192,28,28,150528,784,28,1,0,0,96,192,1,1,0,0,1,1,1,1,1,0,1,4712,0,144,96,28,28,75264,784,28,1,60,903.072
1,0,0,144,96,28,28,75264,784,28,1,0,0,128,96,3,3,1,1,1,1,1,1,1,0,6,1229312,0,144,128,28,28,100352,784,28,1,60,3622.208
1,0,0,144,192,28,28,150528,784,28,1,0,0,16,192,1,1,0,0,1,1,1,1,1,0,1,4712,0,144,16,28,28,12544,784,28,1,60,327.392
1,0,0,144,16,28,28,12544,784,28,1,0,0,32,16,5,5,2,2,1,1,1,1,1,0,1,4712,0,144,32,28,28,25088,784,28,1,60,575.424
1,0,0,144,192,28,28,150528,784,28,1,0,0,32,192,1,1,0,0,1,1,1,1,1,0,1,4712,0,144,32,28,28,25088,784,28,1,60,410.976
1,0,0,144,256,28,28,200704,784,28,1,0,0,128,256,1,1,0,0,1,1,1,1,1,0,1,4712,0,144,128,28,28,100352,784,28,1,60,1260.992
1,0,0,144,128,28,28,100352,784,28,1,0,0,192,128,3,3,1,1,1,1,1,1,1,0,6,2458368,0,144,192,28,28,150528,784,28,1,60,6873.216
1,0,0,144,256,28,28,200704,784,28,1,0,0,32,256,1,1,0,0,1,1,1,1,1,0,1,4712,0,144,32,28,28,25088,784,28,1,60,488.000
1,0,0,144,32,28,28,25088,784,28,1,0,0,96,32,5,5,2,2,1,1,1,1,1,0,1,4712,0,144,96,28,28,75264,784,28,1,60,2946.208
1,0,0,144,256,28,28,200704,784,28,1,0,0,64,256,1,1,0,0,1,1,1,1,1,0,1,4712,0,144,64,28,28,50176,784,28,1,60,664.224
1,0,0,144,480,14,14,94080,196,14,1,0,0,192,480,1,1,0,0,1,1,1,1,1,0,1,1184,0,144,192,14,14,37632,196,14,1,60,887.968
1,0,0,144,480,14,14,94080,196,14,1,0,0,96,480,1,1,0,0,1,1,1,1,1,0,1,1184,0,144,96,14,14,18816,196,14,1,60,726.880
1,0,0,144,96,14,14,18816,196,14,1,0,0,208,96,3,3,1,1,1,1,1,1,1,0,6,2095936,0,144,208,14,14,40768,196,14,1,60,1638.304
1,0,0,144,480,14,14,94080,196,14,1,0,0,16,480,1,1,0,0,1,1,1,1,1,0,1,1184,0,144,16,14,14,3136,196,14,1,60,371.296
1,0,0,144,16,14,14,3136,196,14,1,0,0,48,16,5,5,2,2,1,1,1,1,1,0,1,1184,0,144,48,14,14,9408,196,14,1,60,315.744
1,0,0,144,480,14,14,94080,196,14,1,0,0,64,480,1,1,0,0,1,1,1,1,1,0,1,1184,0,144,64,14,14,12544,196,14,1,60,445.184
1,0,0,144,512,14,14,100352,196,14,1,0,0,160,512,1,1,0,0,1,1,1,1,1,0,1,1184,0,144,160,14,14,31360,196,14,1,60,933.056
1,0,0,144,512,14,14,100352,196,14,1,0,0,112,512,1,1,0,0,1,1,1,1,1,0,1,1184,0,144,112,14,14,21952,196,14,1,60,742.720
1,0,0,144,112,14,14,21952,196,14,1,0,0,224,112,3,3,1,1,1,1,1,1,1,0,6,2509696,0,144,224,14,14,43904,196,14,1,60,1802.816
1,0,0,144,512,14,14,100352,196,14,1,0,0,24,512,1,1,0,0,1,1,1,1,1,0,1,1184,0,144,24,14,14,4704,196,14,1,60,381.120
1,0,0,144,24,14,14,4704,196,14,1,0,0,64,24,5,5,2,2,1,1,1,1,1,0,1,1184,0,144,64,14,14,12544,196,14,1,60,439.744
1,0,0,144,512,14,14,100352,196,14,1,0,0,64,512,1,1,0,0,1,1,1,1,1,0,1,1184,0,144,64,14,14,12544,196,14,1,60,472.064
1,0,0,144,512,14,14,100352,196,14,1,0,0,128,512,1,1,0,0,1,1,1,1,1,0,1,1184,0,144,128,14,14,25088,196,14,1,60,749.120
1,0,0,144,128,14,14,25088,196,14,1,0,0,256,128,3,3,1,1,1,1,1,1,1,0,6,3277824,0,144,256,14,14,50176,196,14,1,60,2300.384
1,0,0,144,512,14,14,100352,196,14,1,0,0,144,512,1,1,0,0,1,1,1,1,1,0,1,1184,0,144,144,14,14,28224,196,14,1,60,981.792
1,0,0,144,144,14,14,28224,196,14,1,0,0,288,144,3,3,1,1,1,1,1,1,1,0,6,4148352,0,144,288,14,14,56448,196,14,1,60,2818.592
1,0,0,144,512,14,14,100352,196,14,1,0,0,32,512,1,1,0,0,1,1,1,1,1,0,1,1184,0,144,32,14,14,6272,196,14,1,60,383.488
1,0,0,144,32,14,14,6272,196,14,1,0,0,64,32,5,5,2,2,1,1,1,1,1,0,1,1184,0,144,64,14,14,12544,196,14,1,60,556.000
1,0,0,144,528,14,14,103488,196,14,1,0,0,256,528,1,1,0,0,1,1,1,1,1,0,1,1184,0,144,256,14,14,50176,196,14,1,60,1292.576
1,0,0,144,528,14,14,103488,196,14,1,0,0,160,528,1,1,0,0,1,1,1,1,1,0,1,1184,0,144,160,14,14,31360,196,14,1,60,978.240
1,0,0,144,160,14,14,31360,196,14,1,0,0,320,160,3,3,1,1,1,1,1,1,1,0,6,5121280,0,144,320,14,14,62720,196,14,1,60,3354.048
1,0,0,144,528,14,14,103488,196,14,1,0,0,32,528,1,1,0,0,1,1,1,1,1,0,1,1184,0,144,32,14,14,6272,196,14,1,60,329.504
1,0,0,144,32,14,14,6272,196,14,1,0,0,128,32,5,5,2,2,1,1,1,1,1,0,1,1184,0,144,128,14,14,25088,196,14,1,60,1012.736
1,0,0,144,528,14,14,103488,196,14,1,0,0,128,528,1,1,0,0,1,1,1,1,1,0,1,1184,0,144,128,14,14,25088,196,14,1,60,828.768
1,0,0,144,832,7,7,40768,49,7,1,0,0,256,832,1,1,0,0,1,1,1,1,1,0,1,300,0,144,256,7,7,12544,49,7,1,60,642.336
1,0,0,144,832,7,7,40768,49,7,1,0,0,160,832,1,1,0,0,1,1,1,1,1,0,1,300,0,144,160,7,7,7840,49,7,1,60,494.208
1,0,0,144,160,7,7,7840,49,7,1,0,0,320,160,3,3,1,1,1,1,1,1,1,0,1,300,0,144,320,7,7,15680,49,7,1,60,1094.368
1,0,0,144,832,7,7,40768,49,7,1,0,0,32,832,1,1,0,0,1,1,1,1,1,0,1,300,0,144,32,7,7,1568,49,7,1,60,278.496
1,0,0,144,32,7,7,1568,49,7,1,0,0,128,32,5,5,2,2,1,1,1,1,1,0,1,300,0,144,128,7,7,6272,49,7,1,60,377.088
1,0,0,144,832,7,7,40768,49,7,1,0,0,128,832,1,1,0,0,1,1,1,1,1,0,1,300,0,144,128,7,7,6272,49,7,1,60,483.168
1,0,0,144,832,7,7,40768,49,7,1,0,0,384,832,1,1,0,0,1,1,1,1,1,0,1,300,0,144,384,7,7,18816,49,7,1,60,845.568
1,0,0,144,832,7,7,40768,49,7,1,0,0,192,832,1,1,0,0,1,1,1,1,1,0,1,300,0,144,192,7,7,9408,49,7,1,60,498.624
1,0,0,144,192,7,7,9408,49,7,1,0,0,384,192,3,3,1,1,1,1,1,1,1,0,1,300,0,144,384,7,7,18816,49,7,1,60,1557.312
1,0,0,144,832,7,7,40768,49,7,1,0,0,48,832,1,1,0,0,1,1,1,1,1,0,1,300,0,144,48,7,7,2352,49,7,1,60,319.840
1,0,0,144,48,7,7,2352,49,7,1,0,0,128,48,5,5,2,2,1,1,1,1,1,0,1,300,0,144,128,7,7,6272,49,7,1,60,554.880
1,0,0,27,3,224,224,150528,50176,224,1,0,0,64,3,3,3,1,1,1,1,1,1,1,0,1,301064,0,27,64,224,224,3211264,50176,224,1,60,1302.464
1,0,0,27,64,224,224,3211264,50176,224,1,0,0,64,64,3,3,1,1,1,1,1,1,1,0,6,409856,0,27,64,224,224,3211264,50176,224,1,60,12187.296
1,0,0,27,64,112,112,802816,12544,112,1,0,0,128,64,3,3,1,1,1,1,1,1,1,0,6,819712,0,27,128,112,112,1605632,12544,112,1,60,5906.656
1,0,0,27,128,112,112,1605632,12544,112,1,0,0,128,128,3,3,1,1,1,1,1,1,1,0,6,1638912,0,27,128,112,112,1605632,12544,112,1,60,10239.552
1,0,0,27,128,56,56,401408,3136,56,1,0,0,256,128,3,3,1,1,1,1,1,1,1,0,6,3277824,0,27,256,56,56,802816,3136,56,1,60,5886.080
1,0,0,27,256,56,56,802816,3136,56,1,0,0,256,256,3,3,1,1,1,1,1,1,1,0,6,6554624,0,27,256,56,56,802816,3136,56,1,60,10763.264
1,0,0,27,256,28,28,200704,784,28,1,0,0,512,256,3,3,1,1,1,1,1,1,1,0,6,13109248,0,27,512,28,28,401408,784,28,1,60,7180.288
1,0,0,27,512,28,28,401408,784,28,1,0,0,512,512,3,3,1,1,1,1,1,1,1,0,6,26216448,0,27,512,28,28,401408,784,28,1,60,14179.200
1,0,0,27,512,14,14,100352,196,14,1,0,0,512,512,3,3,1,1,1,1,1,1,1,0,6,26216448,0,27,512,14,14,100352,196,14,1,60,3946.784
1,0,0,32768,1,28,28,784,784,28,1,0,0,20,1,5,5,0,0,1,1,1,1,1,0,1,3464,0,32768,20,24,24,11520,576,24,1,50,10488.896
1,0,0,32768,20,12,12,2880,144,12,1,0,0,50,20,5,5,0,0,1,1,1,1,1,0,1,392,0,32768,50,8,8,3200,64,8,1,50,24533.377
1,0,0,32,3,152,152,69312,23104,152,1,0,0,32,3,11,11,0,0,1,1,1,1,1,0,0,0,0,32,32,142,142,645248,20164,142,1,50,5541.632
1,0,0,32,32,71,71,161312,5041,71,1,0,0,16,32,9,9,0,0,1,1,1,1,1,0,0,0,0,32,16,63,63,63504,3969,63,1,50,7856.960
1,0,0,144,3,227,227,154587,51529,227,1,0,0,64,3,7,7,3,3,2,2,1,1,1,0,1,77984,0,144,64,114,114,831744,12996,114,1,50,7297.792
1,0,0,144,64,57,57,207936,3249,57,1,0,0,64,64,1,1,0,0,1,1,1,1,1,0,1,19500,0,144,64,57,57,207936,3249,57,1,50,1000.384
1,0,0,144,64,57,57,207936,3249,57,1,0,0,192,64,3,3,1,1,1,1,1,1,1,0,6,1229568,0,144,192,57,57,623808,3249,57,1,50,18298.719
1,0,0,144,192,28,28,150528,784,28,1,0,0,64,192,1,1,0,0,1,1,1,1,1,0,1,4712,0,144,64,28,28,50176,784,28,1,50,677.792
1,0,0,144,192,28,28,150528,784,28,1,0,0,96,192,1,1,0,0,1,1,1,1,1,0,1,4712,0,144,96,28,28,75264,784,28,1,50,1056.256
1,0,0,144,96,28,28,75264,784,28,1,0,0,128,96,3,3,1,1,1,1,1,1,1,0,6,1229312,0,144,128,28,28,100352,784,28,1,50,4424.128
1,0,0,144,192,28,28,150528,784,28,1,0,0,16,192,1,1,0,0,1,1,1,1,1,0,1,4712,0,144,16,28,28,12544,784,28,1,50,453.728
1,0,0,144,16,28,28,12544,784,28,1,0,0,32,16,5,5,2,2,1,1,1,1,1,0,1,4712,0,144,32,28,28,25088,784,28,1,50,691.584
1,0,0,144,192,28,28,150528,784,28,1,0,0,32,192,1,1,0,0,1,1,1,1,1,0,1,4712,0,144,32,28,28,25088,784,28,1,50,411.264
1,0,0,144,256,28,28,200704,784,28,1,0,0,128,256,1,1,0,0,1,1,1,1,1,0,1,4712,0,144,128,28,28,100352,784,28,1,50,1528.736
1,0,0,144,128,28,28,100352,784,28,1,0,0,192,128,3,3,1,1,1,1,1,1,1,0,6,2458368,0,144,192,28,28,150528,784,28,1,50,8219.104
1,0,0,144,256,28,28,200704,784,28,1,0,0,32,256,1,1,0,0,1,1,1,1,1,0,1,4712,0,144,32,28,28,25088,784,28,1,50,574.080
1,0,0,144,32,28,28,25088,784,28,1,0,0,96,32,5,5,2,2,1,1,1,1,1,0,1,4712,0,144,96,28,28,75264,784,28,1,50,3645.024
1,0,0,144,256,28,28,200704,784,28,1,0,0,64,256,1,1,0,0,1,1,1,1,1,0,1,4712,0,144,64,28,28,50176,784,28,1,50,859.648
1,0,0,144,480,14,14,94080,196,14,1,0,0,192,480,1,1,0,0,1,1,1,1,1,0,1,1184,0,144,192,14,14,37632,196,14,1,50,1113.728
1,0,0,144,480,14,14,94080,196,14,1,0,0,96,480,1,1,0,0,1,1,1,1,1,0,1,1184,0,144,96,14,14,18816,196,14,1,50,804.288
1,0,0,144,96,14,14,18816,196,14,1,0,0,208,96,3,3,1,1,1,1,1,1,1,0,6,2095936,0,144,208,14,14,40768,196,14,1,50,1974.208
1,0,0,144,480,14,14,94080,196,14,1,0,0,16,480,1,1,0,0,1,1,1,1,1,0,1,1184,0,144,16,14,14,3136,196,14,1,50,365.280
1,0,0,144,16,14,14,3136,196,14,1,0,0,48,16,5,5,2,2,1,1,1,1,1,0,1,1184,0,144,48,14,14,9408,196,14,1,50,366.464
1,0,0,144,480,14,14,94080,196,14,1,0,0,64,480,1,1,0,0,1,1,1,1,1,0,1,1184,0,144,64,14,14,12544,196,14,1,50,498.528
1,0,0,144,512,14,14,100352,196,14,1,0,0,160,512,1,1,0,0,1,1,1,1,1,0,1,1184,0,144,160,14,14,31360,196,14,1,50,1170.496
1,0,0,144,512,14,14,100352,196,14,1,0,0,112,512,1,1,0,0,1,1,1,1,1,0,1,1184,0,144,112,14,14,21952,196,14,1,50,846.944
1,0,0,144,112,14,14,21952,196,14,1,0,0,224,112,3,3,1,1,1,1,1,1,1,0,6,2509696,0,144,224,14,14,43904,196,14,1,50,2226.304
1,0,0,144,512,14,14,100352,196,14,1,0,0,24,512,1,1,0,0,1,1,1,1,1,0,1,1184,0,144,24,14,14,4704,196,14,1,50,383.616
1,0,0,144,24,14,14,4704,196,14,1,0,0,64,24,5,5,2,2,1,1,1,1,1,0,1,1184,0,144,64,14,14,12544,196,14,1,50,511.488
1,0,0,144,512,14,14,100352,196,14,1,0,0,64,512,1,1,0,0,1,1,1,1,1,0,1,1184,0,144,64,14,14,12544,196,14,1,50,461.952
1,0,0,144,512,14,14,100352,196,14,1,0,0,128,512,1,1,0,0,1,1,1,1,1,0,1,1184,0,144,128,14,14,25088,196,14,1,50,851.840
1,0,0,144,128,14,14,25088,196,14,1,0,0,256,128,3,3,1,1,1,1,1,1,1,0,6,3277824,0,144,256,14,14,50176,196,14,1,50,2799.648
1,0,0,144,512,14,14,100352,196,14,1,0,0,144,512,1,1,0,0,1,1,1,1,1,0,1,1184,0,144,144,14,14,28224,196,14,1,50,1136.416
1,0,0,144,144,14,14,28224,196,14,1,0,0,288,144,3,3,1,1,1,1,1,1,1,0,6,4148352,0,144,288,14,14,56448,196,14,1,50,3448.384
1,0,0,144,512,14,14,100352,196,14,1,0,0,32,512,1,1,0,0,1,1,1,1,1,0,1,1184,0,144,32,14,14,6272,196,14,1,50,379.616
1,0,0,144,32,14,14,6272,196,14,1,0,0,64,32,5,5,2,2,1,1,1,1,1,0,1,1184,0,144,64,14,14,12544,196,14,1,50,633.568
1,0,0,144,528,14,14,103488,196,14,1,0,0,256,528,1,1,0,0,1,1,1,1,1,0,1,1184,0,144,256,14,14,50176,196,14,1,50,1526.048
1,0,0,144,528,14,14,103488,196,14,1,0,0,160,528,1,1,0,0,1,1,1,1,1,0,1,1184,0,144,160,14,14,31360,196,14,1,50,1154.016
1,0,0,144,160,14,14,31360,196,14,1,0,0,320,160,3,3,1,1,1,1,1,1,1,0,6,5121280,0,144,320,14,14,62720,196,14,1,50,4276.000
1,0,0,144,528,14,14,103488,196,14,1,0,0,32,528,1,1,0,0,1,1,1,1,1,0,1,1184,0,144,32,14,14,6272,196,14,1,50,391.520
1,0,0,144,32,14,14,6272,196,14,1,0,0,128,32,5,5,2,2,1,1,1,1,1,0,1,1184,0,144,128,14,14,25088,196,14,1,50,1155.232
1,0,0,144,528,14,14,103488,196,14,1,0,0,128,528,1,1,0,0,1,1,1,1,1,0,1,1184,0,144,128,14,14,25088,196,14,1,50,882.624
1,0,0,144,832,7,7,40768,49,7,1,0,0,256,832,1,1,0,0,1,1,1,1,1,0,1,300,0,144,256,7,7,12544,49,7,1,50,737.376
1,0,0,144,832,7,7,40768,49,7,1,0,0,160,832,1,1,0,0,1,1,1,1,1,0,1,300,0,144,160,7,7,7840,49,7,1,50,577.696
1,0,0,144,160,7,7,7840,49,7,1,0,0,320,160,3,3,1,1,1,1,1,1,1,0,1,300,0,144,320,7,7,15680,49,7,1,50,1378.368
1,0,0,144,832,7,7,40768,49,7,1,0,0,32,832,1,1,0,0,1,1,1,1,1,0,1,300,0,144,32,7,7,1568,49,7,1,50,327.168
1,0,0,144,32,7,7,1568,49,7,1,0,0,128,32,5,5,2,2,1,1,1,1,1,0,1,300,0,144,128,7,7,6272,49,7,1,50,387.904
1,0,0,144,832,7,7,40768,49,7,1,0,0,128,832,1,1,0,0,1,1,1,1,1,0,1,300,0,144,128,7,7,6272,49,7,1,50,429.568
1,0,0,144,832,7,7,40768,49,7,1,0,0,384,832,1,1,0,0,1,1,1,1,1,0,1,300,0,144,384,7,7,18816,49,7,1,50,984.768
1,0,0,144,832,7,7,40768,49,7,1,0,0,192,832,1,1,0,0,1,1,1,1,1,0,1,300,0,144,192,7,7,9408,49,7,1,50,578.048
1,0,0,144,192,7,7,9408,49,7,1,0,0,384,192,3,3,1,1,1,1,1,1,1,0,1,300,0,144,384,7,7,18816,49,7,1,50,1845.536
1,0,0,144,832,7,7,40768,49,7,1,0,0,48,832,1,1,0,0,1,1,1,1,1,0,1,300,0,144,48,7,7,2352,49,7,1,50,329.856
1,0,0,144,48,7,7,2352,49,7,1,0,0,128,48,5,5,2,2,1,1,1,1,1,0,1,300,0,144,128,7,7,6272,49,7,1,50,546.496
1,0,0,27,3,224,224,150528,50176,224,1,0,0,64,3,3,3,1,1,1,1,1,1,1,0,1,301064,0,27,64,224,224,3211264,50176,224,1,50,1567.040
1,0,0,27,64,224,224,3211264,50176,224,1,0,0,64,64,3,3,1,1,1,1,1,1,1,0,6,409856,0,27,64,224,224,3211264,50176,224,1,50,14846.016
1,0,0,27,64,112,112,802816,12544,112,1,0,0,128,64,3,3,1,1,1,1,1,1,1,0,6,819712,0,27,128,112,112,1605632,12544,112,1,50,7194.560
1,0,0,27,128,112,112,1605632,12544,112,1,0,0,128,128,3,3,1,1,1,1,1,1,1,0,6,1638912,0,27,128,112,112,1605632,12544,112,1,50,12420.673
1,0,0,27,128,56,56,401408,3136,56,1,0,0,256,128,3,3,1,1,1,1,1,1,1,0,6,3277824,0,27,256,56,56,802816,3136,56,1,50,7185.344
1,0,0,27,256,56,56,802816,3136,56,1,0,0,256,256,3,3,1,1,1,1,1,1,1,0,6,6554624,0,27,256,56,56,802816,3136,56,1,50,13275.424
1,0,0,27,256,28,28,200704,784,28,1,0,0,512,256,3,3,1,1,1,1,1,1,1,0,6,13109248,0,27,512,28,28,401408,784,28,1,50,8930.304
1,0,0,27,512,28,28,401408,784,28,1,0,0,512,512,3,3,1,1,1,1,1,1,1,0,6,26216448,0,27,512,28,28,401408,784,28,1,50,17669.121
1,0,0,27,512,14,14,100352,196,14,1,0,0,512,512,3,3,1,1,1,1,1,1,1,0,6,26216448,0,27,512,14,14,100352,196,14,1,50,4797.440
1,0,0,32768,1,28,28,784,784,28,1,0,0,20,1,5,5,0,0,1,1,1,1,1,0,1,3464,0,32768,20,24,24,11520,576,24,1,40,12683.328
1,0,0,32768,20,12,12,2880,144,12,1,0,0,50,20,5,5,0,0,1,1,1,1,1,0,1,392,0,32768,50,8,8,3200,64,8,1,40,29628.639
1,0,0,32,3,152,152,69312,23104,152,1,0,0,32,3,11,11,0,0,1,1,1,1,1,0,0,0,0,32,32,142,142,645248,20164,142,1,40,6674.528
1,0,0,32,32,71,71,161312,5041,71,1,0,0,16,32,9,9,0,0,1,1,1,1,1,0,0,0,0,32,16,63,63,63504,3969,63,1,40,9518.240
1,0,0,144,3,227,227,154587,51529,227,1,0,0,64,3,7,7,3,3,2,2,1,1,1,0,1,77984,0,144,64,114,114,831744,12996,114,1,40,8813.984
1,0,0,144,64,57,57,207936,3249,57,1,0,0,64,64,1,1,0,0,1,1,1,1,1,0,1,19500,0,144,64,57,57,207936,3249,57,1,40,1164.608
1,0,0,144,64,57,57,207936,3249,57,1,0,0,192,64,3,3,1,1,1,1,1,1,1,0,6,1229568,0,144,192,57,57,623808,3249,57,1,40,22017.504
1,0,0,144,192,28,28,150528,784,28,1,0,0,64,192,1,1,0,0,1,1,1,1,1,0,1,4712,0,144,64,28,28,50176,784,28,1,40,780.832
1,0,0,144,192,28,28,150528,784,28,1,0,0,96,192,1,1,0,0,1,1,1,1,1,0,1,4712,0,144,96,28,28,75264,784,28,1,40,1244.288
1,0,0,144,96,28,28,75264,784,28,1,0,0,128,96,3,3,1,1,1,1,1,1,1,0,6,1229312,0,144,128,28,28,100352,784,28,1,40,5366.496
1,0,0,144,192,28,28,150528,784,28,1,0,0,16,192,1,1,0,0,1,1,1,1,1,0,1,4712,0,144,16,28,28,12544,784,28,1,40,501.984
1,0,0,144,16,28,28,12544,784,28,1,0,0,32,16,5,5,2,2,1,1,1,1,1,0,1,4712,0,144,32,28,28,25088,784,28,1,40,794.368
1,0,0,144,192,28,28,150528,784,28,1,0,0,32,192,1,1,0,0,1,1,1,1,1,0,1,4712,0,144,32,28,28,25088,784,28,1,40,511.136
1,0,0,144,256,28,28,200704,784,28,1,0,0,128,256,1,1,0,0,1,1,1,1,1,0,1,4712,0,144,128,28,28,100352,784,28,1,40,1754.944
1,0,0,144,128,28,28,100352,784,28,1,0,0,192,128,3,3,1,1,1,1,1,1,1,0,6,2458368,0,144,192,28,28,150528,784,28,1,40,9884.063
1,0,0,144,256,28,28,200704,784,28,1,0,0,32,256,1,1,0,0,1,1,1,1,1,0,1,4712,0,144,32,28,28,25088,784,28,1,40,580.160
1,0,0,144,32,28,28,25088,784,28,1,0,0,96,32,5,5,2,2,1,1,1,1,1,0,1,4712,0,144,96,28,28,75264,784,28,1,40,4377.184
1,0,0,144,256,28,28,200704,784,28,1,0,0,64,256,1,1,0,0,1,1,1,1,1,0,1,4712,0,144,64,28,28,50176,784,28,1,40,996.512
1,0,0,144,480,14,14,94080,196,14,1,0,0,192,480,1,1,0,0,1,1,1,1,1,0,1,1184,0,144,192,14,14,37632,196,14,1,40,1287.616
1,0,0,144,480,14,14,94080,196,14,1,0,0,96,480,1,1,0,0,1,1,1,1,1,0,1,1184,0,144,96,14,14,18816,196,14,1,40,881.408
1,0,0,144,96,14,14,18816,196,14,1,0,0,208,96,3,3,1,1,1,1,1,1,1,0,6,2095936,0,144,208,14,14,40768,196,14,1,40,2368.672
1,0,0,144,480,14,14,94080,196,14,1,0,0,16,480,1,1,0,0,1,1,1,1,1,0,1,1184,0,144,16,14,14,3136,196,14,1,40,368.256
1,0,0,144,16,14,14,3136,196,14,1,0,0,48,16,5,5,2,2,1,1,1,1,1,0,1,1184,0,144,48,14,14,9408,196,14,1,40,407.392
1,0,0,144,480,14,14,94080,196,14,1,0,0,64,480,1,1,0,0,1,1,1,1,1,0,1,1184,0,144,64,14,14,12544,196,14,1,40,546.912
1,0,0,144,512,14,14,100352,196,14,1,0,0,160,512,1,1,0,0,1,1,1,1,1,0,1,1184,0,144,160,14,14,31360,196,14,1,40,1348.192
1,0,0,144,512,14,14,100352,196,14,1,0,0,112,512,1,1,0,0,1,1,1,1,1,0,1,1184,0,144,112,14,14,21952,196,14,1,40,976.192
1,0,0,144,112,14,14,21952,196,14,1,0,0,224,112,3,3,1,1,1,1,1,1,1,0,6,2509696,0,144,224,14,14,43904,196,14,1,40,2686.784
1,0,0,144,512,14,14,100352,196,14,1,0,0,24,512,1,1,0,0,1,1,1,1,1,0,1,1184,0,144,24,14,14,4704,196,14,1,40,398.272
1,0,0,144,24,14,14,4704,196,14,1,0,0,64,24,5,5,2,2,1,1,1,1,1,0,1,1184,0,144,64,14,14,12544,196,14,1,40,569.760
1,0,0,144,512,14,14,100352,196,14,1,0,0,64,512,1,1,0,0,1,1,1,1,1,0,1,1184,0,144,64,14,14,12544,196,14,1,40,581.696
1,0,0,144,512,14,14,100352,196,14,1,0,0,128,512,1,1,0,0,1,1,1,1,1,0,1,1184,0,144,128,14,14,25088,196,14,1,40,976.352
1,0,0,144,128,14,14,25088,196,14,1,0,0,256,128,3,3,1,1,1,1,1,1,1,0,6,3277824,0,144,256,14,14,50176,196,14,1,40,3371.680
1,0,0,144,512,14,14,100352,196,14,1,0,0,144,512,1,1,0,0,1,1,1,1,1,0,1,1184,0,144,144,14,14,28224,196,14,1,40,1330.720
1,0,0,144,144,14,14,28224,196,14,1,0,0,288,144,3,3,1,1,1,1,1,1,1,0,6,4148352,0,144,288,14,14,56448,196,14,1,40,4141.760
1,0,0,144,512,14,14,100352,196,14,1,0,0,32,512,1,1,0,0,1,1,1,1,1,0,1,1184,0,144,32,14,14,6272,196,14,1,40,395.968
1,0,0,144,32,14,14,6272,196,14,1,0,0,64,32,5,5,2,2,1,1,1,1,1,0,1,1184,0,144,64,14,14,12544,196,14,1,40,741.440
1,0,0,144,528,14,14,103488,196,14,1,0,0,256,528,1,1,0,0,1,1,1,1,1,0,1,1184,0,144,256,14,14,50176,196,14,1,40,1813.568
1,0,0,144,528,14,14,103488,196,14,1,0,0,160,528,1,1,0,0,1,1,1,1,1,0,1,1184,0,144,160,14,14,31360,196,14,1,40,1329.632
1,0,0,144,160,14,14,31360,196,14,1,0,0,320,160,3,3,1,1,1,1,1,1,1,0,6,5121280,0,144,320,14,14,62720,196,14,1,40,5043.936
1,0,0,144,528,14,14,103488,196,14,1,0,0,32,528,1,1,0,0,1,1,1,1,1,0,1,1184,0,144,32,14,14,6272,196,14,1,40,402.720
1,0,0,144,32,14,14,6272,196,14,1,0,0,128,32,5,5,2,2,1,1,1,1,1,0,1,1184,0,144,128,14,14,25088,196,14,1,40,1364.320
1,0,0,144,528,14,14,103488,196,14,1,0,0,128,528,1,1,0,0,1,1,1,1,1,0,1,1184,0,144,128,14,14,25088,196,14,1,40,991.008
1,0,0,144,832,7,7,40768,49,7,1,0,0,256,832,1,1,0,0,1,1,1,1,1,0,1,300,0,144,256,7,7,12544,49,7,1,40,853.504
1,0,0,144,832,7,7,40768,49,7,1,0,0,160,832,1,1,0,0,1,1,1,1,1,0,1,300,0,144,160,7,7,7840,49,7,1,40,669.376
1,0,0,144,160,7,7,7840,49,7,1,0,0,320,160,3,3,1,1,1,1,1,1,1,0,1,300,0,144,320,7,7,15680,49,7,1,40,1556.064
1,0,0,144,832,7,7,40768,49,7,1,0,0,32,832,1,1,0,0,1,1,1,1,1,0,1,300,0,144,32,7,7,1568,49,7,1,40,327.424
1,0,0,144,32,7,7,1568,49,7,1,0,0,128,32,5,5,2,2,1,1,1,1,1,0,1,300,0,144,128,7,7,6272,49,7,1,40,377.952
1,0,0,144,832,7,7,40768,49,7,1,0,0,128,832,1,1,0,0,1,1,1,1,1,0,1,300,0,144,128,7,7,6272,49,7,1,40,483.328
1,0,0,144,832,7,7,40768,49,7,1,0,0,384,832,1,1,0,0,1,1,1,1,1,0,1,300,0,144,384,7,7,18816,49,7,1,40,1173.120
1,0,0,144,832,7,7,40768,49,7,1,0,0,192,832,1,1,0,0,1,1,1,1,1,0,1,300,0,144,192,7,7,9408,49,7,1,40,667.840
1,0,0,144,192,7,7,9408,49,7,1,0,0,384,192,3,3,1,1,1,1,1,1,1,0,1,300,0,144,384,7,7,18816,49,7,1,40,2214.976
1,0,0,144,832,7,7,40768,49,7,1,0,0,48,832,1,1,0,0,1,1,1,1,1,0,1,300,0,144,48,7,7,2352,49,7,1,40,330.560
1,0,0,144,48,7,7,2352,49,7,1,0,0,128,48,5,5,2,2,1,1,1,1,1,0,1,300,0,144,128,7,7,6272,49,7,1,40,557.216
1,0,0,27,3,224,224,150528,50176,224,1,0,0,64,3,3,3,1,1,1,1,1,1,1,0,1,301064,0,27,64,224,224,3211264,50176,224,1,40,1895.968
1,0,0,27,64,224,224,3211264,50176,224,1,0,0,64,64,3,3,1,1,1,1,1,1,1,0,6,409856,0,27,64,224,224,3211264,50176,224,1,40,17893.889
1,0,0,27,64,112,112,802816,12544,112,1,0,0,128,64,3,3,1,1,1,1,1,1,1,0,6,819712,0,27,128,112,112,1605632,12544,112,1,40,8893.440
1,0,0,27,128,112,112,1605632,12544,112,1,0,0,128,128,3,3,1,1,1,1,1,1,1,0,6,1638912,0,27,128,112,112,1605632,12544,112,1,40,15638.464
1,0,0,27,128,56,56,401408,3136,56,1,0,0,256,128,3,3,1,1,1,1,1,1,1,0,6,3277824,0,27,256,56,56,802816,3136,56,1,40,8742.304
1,0,0,27,256,56,56,802816,3136,56,1,0,0,256,256,3,3,1,1,1,1,1,1,1,0,6,6554624,0,27,256,56,56,802816,3136,56,1,40,16141.504
1,0,0,27,256,28,28,200704,784,28,1,0,0,512,256,3,3,1,1,1,1,1,1,1,0,6,13109248,0,27,512,28,28,401408,784,28,1,40,10693.729
1,0,0,27,512,28,28,401408,784,28,1,0,0,512,512,3,3,1,1,1,1,1,1,1,0,6,26216448,0,27,512,28,28,401408,784,28,1,40,21175.264
1,0,0,27,512,14,14,100352,196,14,1,0,0,512,512,3,3,1,1,1,1,1,1,1,0,6,26216448,0,27,512,14,14,100352,196,14,1,40,5791.136
1,0,0,32768,1,28,28,784,784,28,1,0,0,20,1,5,5,0,0,1,1,1,1,1,0,1,3464,0,32768,20,24,24,11520,576,24,1,30,16154.433
1,0,0,32768,20,12,12,2880,144,12,1,0,0,50,20,5,5,0,0,1,1,1,1,1,0,1,392,0,32768,50,8,8,3200,64,8,1,30,37670.945
1,0,0,32,3,152,152,69312,23104,152,1,0,0,32,3,11,11,0,0,1,1,1,1,1,0,0,0,0,32,32,142,142,645248,20164,142,1,30,8489.792
1,0,0,32,32,71,71,161312,5041,71,1,0,0,16,32,9,9,0,0,1,1,1,1,1,0,0,0,0,32,16,63,63,63504,3969,63,1,30,12101.824
1,0,0,144,3,227,227,154587,51529,227,1,0,0,64,3,7,7,3,3,2,2,1,1,1,0,1,77984,0,144,64,114,114,831744,12996,114,1,30,11124.032
1,0,0,144,64,57,57,207936,3249,57,1,0,0,64,64,1,1,0,0,1,1,1,1,1,0,1,19500,0,144,64,57,57,207936,3249,57,1,30,1452.704
1,0,0,144,64,57,57,207936,3249,57,1,0,0,192,64,3,3,1,1,1,1,1,1,1,0,6,1229568,0,144,192,57,57,623808,3249,57,1,30,28131.457
1,0,0,144,192,28,28,150528,784,28,1,0,0,64,192,1,1,0,0,1,1,1,1,1,0,1,4712,0,144,64,28,28,50176,784,28,1,30,921.920
1,0,0,144,192,28,28,150528,784,28,1,0,0,96,192,1,1,0,0,1,1,1,1,1,0,1,4712,0,144,96,28,28,75264,784,28,1,30,1543.744
1,0,0,144,96,28,28,75264,784,28,1,0,0,128,96,3,3,1,1,1,1,1,1,1,0,6,1229312,0,144,128,28,28,100352,784,28,1,30,6674.944
1,0,0,144,192,28,28,150528,784,28,1,0,0,16,192,1,1,0,0,1,1,1,1,1,0,1,4712,0,144,16,28,28,12544,784,28,1,30,600.288
1,0,0,144,16,28,28,12544,784,28,1,0,0,32,16,5,5,2,2,1,1,1,1,1,0,1,4712,0,144,32,28,28,25088,784,28,1,30,1010.176
1,0,0,144,192,28,28,150528,784,28,1,0,0,32,192,1,1,0,0,1,1,1,1,1,0,1,4712,0,144,32,28,28,25088,784,28,1,30,629.088
1,0,0,144,256,28,28,200704,784,28,1,0,0,128,256,1,1,0,0,1,1,1,1,1,0,1,4712,0,144,128,28,28,100352,784,28,1,30,2198.656
1,0,0,144,128,28,28,100352,784,28,1,0,0,192,128,3,3,1,1,1,1,1,1,1,0,6,2458368,0,144,192,28,28,150528,784,28,1,30,12536.000
1,0,0,144,256,28,28,200704,784,28,1,0,0,32,256,1,1,0,0,1,1,1,1,1,0,1,4712,0,144,32,28,28,25088,784,28,1,30,711.424
1,0,0,144,32,28,28,25088,784,28,1,0,0,96,32,5,5,2,2,1,1,1,1,1,0,1,4712,0,144,96,28,28,75264,784,28,1,30,5510.848
1,0,0,144,256,28,28,200704,784,28,1,0,0,64,256,1,1,0,0,1,1,1,1,1,0,1,4712,0,144,64,28,28,50176,784,28,1,30,1149.376
1,0,0,144,480,14,14,94080,196,14,1,0,0,192,480,1,1,0,0,1,1,1,1,1,0,1,1184,0,144,192,14,14,37632,196,14,1,30,1617.856
1,0,0,144,480,14,14,94080,196,14,1,0,0,96,480,1,1,0,0,1,1,1,1,1,0,1,1184,0,144,96,14,14,18816,196,14,1,30,1184.576
1,0,0,144,96,14,14,18816,196,14,1,0,0,208,96,3,3,1,1,1,1,1,1,1,0,6,2095936,0,144,208,14,14,40768,196,14,1,30,2929.280
1,0,0,144,480,14,14,94080,196,14,1,0,0,16,480,1,1,0,0,1,1,1,1,1,0,1,1184,0,144,16,14,14,3136,196,14,1,30,454.944
1,0,0,144,16,14,14,3136,196,14,1,0,0,48,16,5,5,2,2,1,1,1,1,1,0,1,1184,0,144,48,14,14,9408,196,14,1,30,513.728
1,0,0,144,480,14,14,94080,196,14,1,0,0,64,480,1,1,0,0,1,1,1,1,1,0,1,1184,0,144,64,14,14,12544,196,14,1,30,692.768
1,0,0,144,512,14,14,100352,196,14,1,0,0,160,512,1,1,0,0,1,1,1,1,1,0,1,1184,0,144,160,14,14,31360,196,14,1,30,1674.880
1,0,0,144,512,14,14,100352,196,14,1,0,0,112,512,1,1,0,0,1,1,1,1,1,0,1,1184,0,144,112,14,14,21952,196,14,1,30,1230.336
1,0,0,144,112,14,14,21952,196,14,1,0,0,224,112,3,3,1,1,1,1,1,1,1,0,6,2509696,0,144,224,14,14,43904,196,14,1,30,3328.320
1,0,0,144,512,14,14,100352,196,14,1,0,0,24,512,1,1,0,0,1,1,1,1,1,0,1,1184,0,144,24,14,14,4704,196,14,1,30,481.536
1,0,0,144,24,14,14,4704,196,14,1,0,0,64,24,5,5,2,2,1,1,1,1,1,0,1,1184,0,144,64,14,14,12544,196,14,1,30,728.576
1,0,0,144,512,14,14,100352,196,14,1,0,0,64,512,1,1,0,0,1,1,1,1,1,0,1,1184,0,144,64,14,14,12544,196,14,1,30,712.352
1,0,0,144,512,14,14,100352,196,14,1,0,0,128,512,1,1,0,0,1,1,1,1,1,0,1,1184,0,144,128,14,14,25088,196,14,1,30,1245.248
1,0,0,144,128,14,14,25088,196,14,1,0,0,256,128,3,3,1,1,1,1,1,1,1,0,6,3277824,0,144,256,14,14,50176,196,14,1,30,4244.512
1,0,0,144,512,14,14,100352,196,14,1,0,0,144,512,1,1,0,0,1,1,1,1,1,0,1,1184,0,144,144,14,14,28224,196,14,1,30,1655.168
1,0,0,144,144,14,14,28224,196,14,1,0,0,288,144,3,3,1,1,1,1,1,1,1,0,6,4148352,0,144,288,14,14,56448,196,14,1,30,5225.760
1,0,0,144,512,14,14,100352,196,14,1,0,0,32,512,1,1,0,0,1,1,1,1,1,0,1,1184,0,144,32,14,14,6272,196,14,1,30,488.320
1,0,0,144,32,14,14,6272,196,14,1,0,0,64,32,5,5,2,2,1,1,1,1,1,0,1,1184,0,144,64,14,14,12544,196,14,1,30,949.344
1,0,0,144,528,14,14,103488,196,14,1,0,0,256,528,1,1,0,0,1,1,1,1,1,0,1,1184,0,144,256,14,14,50176,196,14,1,30,2306.752
1,0,0,144,528,14,14,103488,196,14,1,0,0,160,528,1,1,0,0,1,1,1,1,1,0,1,1184,0,144,160,14,14,31360,196,14,1,30,1649.248
1,0,0,144,160,14,14,31360,196,14,1,0,0,320,160,3,3,1,1,1,1,1,1,1,0,6,5121280,0,144,320,14,14,62720,196,14,1,30,6360.480
1,0,0,144,528,14,14,103488,196,14,1,0,0,32,528,1,1,0,0,1,1,1,1,1,0,1,1184,0,144,32,14,14,6272,196,14,1,30,450.304
1,0,0,144,32,14,14,6272,196,14,1,0,0,128,32,5,5,2,2,1,1,1,1,1,0,1,1184,0,144,128,14,14,25088,196,14,1,30,1766.720
1,0,0,144,528,14,14,103488,196,14,1,0,0,128,528,1,1,0,0,1,1,1,1,1,0,1,1184,0,144,128,14,14,25088,196,14,1,30,1225.216
1,0,0,144,832,7,7,40768,49,7,1,0,0,256,832,1,1,0,0,1,1,1,1,1,0,1,300,0,144,256,7,7,12544,49,7,1,30,1064.960
1,0,0,144,832,7,7,40768,49,7,1,0,0,160,832,1,1,0,0,1,1,1,1,1,0,1,300,0,144,160,7,7,7840,49,7,1,30,806.176
1,0,0,144,160,7,7,7840,49,7,1,0,0,320,160,3,3,1,1,1,1,1,1,1,0,1,300,0,144,320,7,7,15680,49,7,1,30,1942.240
1,0,0,144,832,7,7,40768,49,7,1,0,0,32,832,1,1,0,0,1,1,1,1,1,0,1,300,0,144,32,7,7,1568,49,7,1,30,337.952
1,0,0,144,32,7,7,1568,49,7,1,0,0,128,32,5,5,2,2,1,1,1,1,1,0,1,300,0,144,128,7,7,6272,49,7,1,30,543.648
1,0,0,144,832,7,7,40768,49,7,1,0,0,128,832,1,1,0,0,1,1,1,1,1,0,1,300,0,144,128,7,7,6272,49,7,1,30,583.968
1,0,0,144,832,7,7,40768,49,7,1,0,0,384,832,1,1,0,0,1,1,1,1,1,0,1,300,0,144,384,7,7,18816,49,7,1,30,1465.248
1,0,0,144,832,7,7,40768,49,7,1,0,0,192,832,1,1,0,0,1,1,1,1,1,0,1,300,0,144,192,7,7,9408,49,7,1,30,807.712
1,0,0,144,192,7,7,9408,49,7,1,0,0,384,192,3,3,1,1,1,1,1,1,1,0,1,300,0,144,384,7,7,18816,49,7,1,30,2824.576
1,0,0,144,832,7,7,40768,49,7,1,0,0,48,832,1,1,0,0,1,1,1,1,1,0,1,300,0,144,48,7,7,2352,49,7,1,30,404.864
1,0,0,144,48,7,7,2352,49,7,1,0,0,128,48,5,5,2,2,1,1,1,1,1,0,1,300,0,144,128,7,7,6272,49,7,1,30,774.720
1,0,0,27,3,224,224,150528,50176,224,1,0,0,64,3,3,3,1,1,1,1,1,1,1,0,1,301064,0,27,64,224,224,3211264,50176,224,1,30,2386.016
1,0,0,27,64,224,224,3211264,50176,224,1,0,0,64,64,3,3,1,1,1,1,1,1,1,0,6,409856,0,27,64,224,224,3211264,50176,224,1,30,22804.928
1,0,0,27,64,112,112,802816,12544,112,1,0,0,128,64,3,3,1,1,1,1,1,1,1,0,6,819712,0,27,128,112,112,1605632,12544,112,1,30,10951.872
1,0,0,27,128,112,112,1605632,12544,112,1,0,0,128,128,3,3,1,1,1,1,1,1,1,0,6,1638912,0,27,128,112,112,1605632,12544,112,1,30,19074.080
1,0,0,27,128,56,56,401408,3136,56,1,0,0,256,128,3,3,1,1,1,1,1,1,1,0,6,3277824,0,27,256,56,56,802816,3136,56,1,30,10960.640
1,0,0,27,256,56,56,802816,3136,56,1,0,0,256,256,3,3,1,1,1,1,1,1,1,0,6,6554624,0,27,256,56,56,802816,3136,56,1,30,20292.447
1,0,0,27,256,28,28,200704,784,28,1,0,0,512,256,3,3,1,1,1,1,1,1,1,0,6,13109248,0,27,512,28,28,401408,784,28,1,30,13757.472
1,0,0,27,512,28,28,401408,784,28,1,0,0,512,512,3,3,1,1,1,1,1,1,1,0,6,26216448,0,27,512,28,28,401408,784,28,1,30,27339.553
1,0,0,27,512,14,14,100352,196,14,1,0,0,512,512,3,3,1,1,1,1,1,1,1,0,6,26216448,0,27,512,14,14,100352,196,14,1,30,7363.456
1,0,0,32768,1,28,28,784,784,28,1,0,0,20,1,5,5,0,0,1,1,1,1,1,0,1,3464,0,32768,20,24,24,11520,576,24,1,20,25156.639
1,0,0,32768,20,12,12,2880,144,12,1,0,0,50,20,5,5,0,0,1,1,1,1,1,0,1,392,0,32768,50,8,8,3200,64,8,1,20,58864.734
1,0,0,32,3,152,152,69312,23104,152,1,0,0,32,3,11,11,0,0,1,1,1,1,1,0,0,0,0,32,32,142,142,645248,20164,142,1,20,13291.456
1,0,0,32,32,71,71,161312,5041,71,1,0,0,16,32,9,9,0,0,1,1,1,1,1,0,0,0,0,32,16,63,63,63504,3969,63,1,20,18887.488
1,0,0,144,3,227,227,154587,51529,227,1,0,0,64,3,7,7,3,3,2,2,1,1,1,0,1,77984,0,144,64,114,114,831744,12996,114,1,20,17403.904
1,0,0,144,64,57,57,207936,3249,57,1,0,0,64,64,1,1,0,0,1,1,1,1,1,0,1,19500,0,144,64,57,57,207936,3249,57,1,20,2169.280
1,0,0,144,64,57,57,207936,3249,57,1,0,0,192,64,3,3,1,1,1,1,1,1,1,0,6,1229568,0,144,192,57,57,623808,3249,57,1,20,43835.777
1,0,0,144,192,28,28,150528,784,28,1,0,0,64,192,1,1,0,0,1,1,1,1,1,0,1,4712,0,144,64,28,28,50176,784,28,1,20,1405.248
1,0,0,144,192,28,28,150528,784,28,1,0,0,96,192,1,1,0,0,1,1,1,1,1,0,1,4712,0,144,96,28,28,75264,784,28,1,20,2289.248
1,0,0,144,96,28,28,75264,784,28,1,0,0,128,96,3,3,1,1,1,1,1,1,1,0,6,1229312,0,144,128,28,28,100352,784,28,1,20,10326.111
1,0,0,144,192,28,28,150528,784,28,1,0,0,16,192,1,1,0,0,1,1,1,1,1,0,1,4712,0,144,16,28,28,12544,784,28,1,20,777.440
1,0,0,144,16,28,28,12544,784,28,1,0,0,32,16,5,5,2,2,1,1,1,1,1,0,1,4712,0,144,32,28,28,25088,784,28,1,20,1494.400
1,0,0,144,192,28,28,150528,784,28,1,0,0,32,192,1,1,0,0,1,1,1,1,1,0,1,4712,0,144,32,28,28,25088,784,28,1,20,917.920
1,0,0,144,256,28,28,200704,784,28,1,0,0,128,256,1,1,0,0,1,1,1,1,1,0,1,4712,0,144,128,28,28,100352,784,28,1,20,3419.136
1,0,0,144,128,28,28,100352,784,28,1,0,0,192,128,3,3,1,1,1,1,1,1,1,0,6,2458368,0,144,192,28,28,150528,784,28,1,20,19548.865
1,0,0,144,256,28,28,200704,784,28,1,0,0,32,256,1,1,0,0,1,1,1,1,1,0,1,4712,0,144,32,28,28,25088,784,28,1,20,1118.528
1,0,0,144,32,28,28,25088,784,28,1,0,0,96,32,5,5,2,2,1,1,1,1,1,0,1,4712,0,144,96,28,28,75264,784,28,1,20,8592.288
1,0,0,144,256,28,28,200704,784,28,1,0,0,64,256,1,1,0,0,1,1,1,1,1,0,1,4712,0,144,64,28,28,50176,784,28,1,20,1807.520
1,0,0,144,480,14,14,94080,196,14,1,0,0,192,480,1,1,0,0,1,1,1,1,1,0,1,1184,0,144,192,14,14,37632,196,14,1,20,2416.416
1,0,0,144,480,14,14,94080,196,14,1,0,0,96,480,1,1,0,0,1,1,1,1,1,0,1,1184,0,144,96,14,14,18816,196,14,1,20,1663.008
1,0,0,144,96,14,14,18816,196,14,1,0,0,208,96,3,3,1,1,1,1,1,1,1,0,6,2095936,0,144,208,14,14,40768,196,14,1,20,4575.936
1,0,0,144,480,14,14,94080,196,14,1,0,0,16,480,1,1,0,0,1,1,1,1,1,0,1,1184,0,144,16,14,14,3136,196,14,1,20,565.024
1,0,0,144,16,14,14,3136,196,14,1,0,0,48,16,5,5,2,2,1,1,1,1,1,0,1,1184,0,144,48,14,14,9408,196,14,1,20,714.112
1,0,0,144,480,14,14,94080,196,14,1,0,0,64,480,1,1,0,0,1,1,1,1,1,0,1,1184,0,144,64,14,14,12544,196,14,1,20,921.856
1,0,0,144,512,14,14,100352,196,14,1,0,0,160,512,1,1,0,0,1,1,1,1,1,0,1,1184,0,144,160,14,14,31360,196,14,1,20,2503.552
1,0,0,144,512,14,14,100352,196,14,1,0,0,112,512,1,1,0,0,1,1,1,1,1,0,1,1184,0,144,112,14,14,21952,196,14,1,20,1755.264
1,0,0,144,112,14,14,21952,196,14,1,0,0,224,112,3,3,1,1,1,1,1,1,1,0,6,2509696,0,144,224,14,14,43904,196,14,1,20,5195.968
1,0,0,144,512,14,14,100352,196,14,1,0,0,24,512,1,1,0,0,1,1,1,1,1,0,1,1184,0,144,24,14,14,4704,196,14,1,20,612.320
1,0,0,144,24,14,14,4704,196,14,1,0,0,64,24,5,5,2,2,1,1,1,1,1,0,1,1184,0,144,64,14,14,12544,196,14,1,20,1026.464
1,0,0,144,512,14,14,100352,196,14,1,0,0,64,512,1,1,0,0,1,1,1,1,1,0,1,1184,0,144,64,14,14,12544,196,14,1,20,978.592
1,0,0,144,512,14,14,100352,196,14,1,0,0,128,512,1,1,0,0,1,1,1,1,1,0,1,1184,0,144,128,14,14,25088,196,14,1,20,1720.960
1,0,0,144,128,14,14,25088,196,14,1,0,0,256,128,3,3,1,1,1,1,1,1,1,0,6,3277824,0,144,256,14,14,50176,196,14,1,20,6568.000
1,0,0,144,512,14,14,100352,196,14,1,0,0,144,512,1,1,0,0,1,1,1,1,1,0,1,1184,0,144,144,14,14,28224,196,14,1,20,2468.608
1,0,0,144,144,14,14,28224,196,14,1,0,0,288,144,3,3,1,1,1,1,1,1,1,0,6,4148352,0,144,288,14,14,56448,196,14,1,20,8118.880
1,0,0,144,512,14,14,100352,196,14,1,0,0,32,512,1,1,0,0,1,1,1,1,1,0,1,1184,0,144,32,14,14,6272,196,14,1,20,616.960
1,0,0,144,32,14,14,6272,196,14,1,0,0,64,32,5,5,2,2,1,1,1,1,1,0,1,1184,0,144,64,14,14,12544,196,14,1,20,1352.896
1,0,0,144,528,14,14,103488,196,14,1,0,0,256,528,1,1,0,0,1,1,1,1,1,0,1,1184,0,144,256,14,14,50176,196,14,1,20,3443.712
1,0,0,144,528,14,14,103488,196,14,1,0,0,160,528,1,1,0,0,1,1,1,1,1,0,1,1184,0,144,160,14,14,31360,196,14,1,20,2466.592
1,0,0,144,160,14,14,31360,196,14,1,0,0,320,160,3,3,1,1,1,1,1,1,1,0,6,5121280,0,144,320,14,14,62720,196,14,1,20,9892.031
1,0,0,144,528,14,14,103488,196,14,1,0,0,32,528,1,1,0,0,1,1,1,1,1,0,1,1184,0,144,32,14,14,6272,196,14,1,20,620.032
1,0,0,144,32,14,14,6272,196,14,1,0,0,128,32,5,5,2,2,1,1,1,1,1,0,1,1184,0,144,128,14,14,25088,196,14,1,20,2568.096
1,0,0,144,528,14,14,103488,196,14,1,0,0,128,528,1,1,0,0,1,1,1,1,1,0,1,1184,0,144,128,14,14,25088,196,14,1,20,1887.456
1,0,0,144,832,7,7,40768,49,7,1,0,0,256,832,1,1,0,0,1,1,1,1,1,0,1,300,0,144,256,7,7,12544,49,7,1,20,1443.616
1,0,0,144,832,7,7,40768,49,7,1,0,0,160,832,1,1,0,0,1,1,1,1,1,0,1,300,0,144,160,7,7,7840,49,7,1,20,1148.192
1,0,0,144,160,7,7,7840,49,7,1,0,0,320,160,3,3,1,1,1,1,1,1,1,0,1,300,0,144,320,7,7,15680,49,7,1,20,3012.384
1,0,0,144,832,7,7,40768,49,7,1,0,0,32,832,1,1,0,0,1,1,1,1,1,0,1,300,0,144,32,7,7,1568,49,7,1,20,355.424
1,0,0,144,32,7,7,1568,49,7,1,0,0,128,32,5,5,2,2,1,1,1,1,1,0,1,300,0,144,128,7,7,6272,49,7,1,20,723.264
1,0,0,144,832,7,7,40768,49,7,1,0,0,128,832,1,1,0,0,1,1,1,1,1,0,1,300,0,144,128,7,7,6272,49,7,1,20,810.144
1,0,0,144,832,7,7,40768,49,7,1,0,0,384,832,1,1,0,0,1,1,1,1,1,0,1,300,0,144,384,7,7,18816,49,7,1,20,2195.392
1,0,0,144,832,7,7,40768,49,7,1,0,0,192,832,1,1,0,0,1,1,1,1,1,0,1,300,0,144,192,7,7,9408,49,7,1,20,1166.688
1,0,0,144,192,7,7,9408,49,7,1,0,0,384,192,3,3,1,1,1,1,1,1,1,0,1,300,0,144,384,7,7,18816,49,7,1,20,4316.576
1,0,0,144,832,7,7,40768,49,7,1,0,0,48,832,1,1,0,0,1,1,1,1,1,0,1,300,0,144,48,7,7,2352,49,7,1,20,496.288
1,0,0,144,48,7,7,2352,49,7,1,0,0,128,48,5,5,2,2,1,1,1,1,1,0,1,300,0,144,128,7,7,6272,49,7,1,20,1029.440
1,0,0,27,3,224,224,150528,50176,224,1,0,0,64,3,3,3,1,1,1,1,1,1,1,0,1,301064,0,27,64,224,224,3211264,50176,224,1,20,3707.616
1,0,0,27,64,224,224,3211264,50176,224,1,0,0,64,64,3,3,1,1,1,1,1,1,1,0,6,409856,0,27,64,224,224,3211264,50176,224,1,20,35498.656
1,0,0,27,64,112,112,802816,12544,112,1,0,0,128,64,3,3,1,1,1,1,1,1,1,0,6,819712,0,27,128,112,112,1605632,12544,112,1,20,17227.742
1,0,0,27,128,112,112,1605632,12544,112,1,0,0,128,128,3,3,1,1,1,1,1,1,1,0,6,1638912,0,27,128,112,112,1605632,12544,112,1,20,30044.512
1,0,0,27,128,56,56,401408,3136,56,1,0,0,256,128,3,3,1,1,1,1,1,1,1,0,6,3277824,0,27,256,56,56,802816,3136,56,1,20,17115.393
1,0,0,27,256,56,56,802816,3136,56,1,0,0,256,256,3,3,1,1,1,1,1,1,1,0,6,6554624,0,27,256,56,56,802816,3136,56,1,20,31810.240
1,0,0,27,256,28,28,200704,784,28,1,0,0,512,256,3,3,1,1,1,1,1,1,1,0,6,13109248,0,27,512,28,28,401408,784,28,1,20,21222.496
1,0,0,27,512,28,28,401408,784,28,1,0,0,512,512,3,3,1,1,1,1,1,1,1,0,6,26216448,0,27,512,28,28,401408,784,28,1,20,42182.305
1,0,0,27,512,14,14,100352,196,14,1,0,0,512,512,3,3,1,1,1,1,1,1,1,0,6,26216448,0,27,512,14,14,100352,196,14,1,20,11327.488
1,0,0,32768,1,28,28,784,784,28,1,0,0,20,1,5,5,0,0,1,1,1,1,1,0,1,3464,0,32768,20,24,24,11520,576,24,1,10,44097.695
1,0,0,32768,20,12,12,2880,144,12,1,0,0,50,20,5,5,0,0,1,1,1,1,1,0,1,392,0,32768,50,8,8,3200,64,8,1,10,103607.609
1,0,0,32,3,152,152,69312,23104,152,1,0,0,32,3,11,11,0,0,1,1,1,1,1,0,0,0,0,32,32,142,142,645248,20164,142,1,10,23058.656
1,0,0,32,32,71,71,161312,5041,71,1,0,0,16,32,9,9,0,0,1,1,1,1,1,0,0,0,0,32,16,63,63,63504,3969,63,1,10,32897.664
1,0,0,144,3,227,227,154587,51529,227,1,0,0,64,3,7,7,3,3,2,2,1,1,1,0,1,77984,0,144,64,114,114,831744,12996,114,1,10,30389.568
1,0,0,144,64,57,57,207936,3249,57,1,0,0,64,64,1,1,0,0,1,1,1,1,1,0,1,19500,0,144,64,57,57,207936,3249,57,1,10,3626.912
1,0,0,144,64,57,57,207936,3249,57,1,0,0,192,64,3,3,1,1,1,1,1,1,1,0,6,1229568,0,144,192,57,57,623808,3249,57,1,10,77578.500
1,0,0,144,192,28,28,150528,784,28,1,0,0,64,192,1,1,0,0,1,1,1,1,1,0,1,4712,0,144,64,28,28,50176,784,28,1,10,2331.616
1,0,0,144,192,28,28,150528,784,28,1,0,0,96,192,1,1,0,0,1,1,1,1,1,0,1,4712,0,144,96,28,28,75264,784,28,1,10,3984.800
1,0,0,144,96,28,28,75264,784,28,1,0,0,128,96,3,3,1,1,1,1,1,1,1,0,6,1229312,0,144,128,28,28,100352,784,28,1,10,18292.928
1,0,0,144,192,28,28,150528,784,28,1,0,0,16,192,1,1,0,0,1,1,1,1,1,0,1,4712,0,144,16,28,28,12544,784,28,1,10,1345.728
1,0,0,144,16,28,28,12544,784,28,1,0,0,32,16,5,5,2,2,1,1,1,1,1,0,1,4712,0,144,32,28,28,25088,784,28,1,10,2546.720
1,0,0,144,192,28,28,150528,784,28,1,0,0,32,192,1,1,0,0,1,1,1,1,1,0,1,4712,0,144,32,28,28,25088,784,28,1,10,1434.240
1,0,0,144,256,28,28,200704,784,28,1,0,0,128,256,1,1,0,0,1,1,1,1,1,0,1,4712,0,144,128,28,28,100352,784,28,1,10,5878.112
1,0,0,144,128,28,28,100352,784,28,1,0,0,192,128,3,3,1,1,1,1,1,1,1,0,6,2458368,0,144,192,28,28,150528,784,28,1,10,34152.801
1,0,0,144,256,28,28,200704,784,28,1,0,0,32,256,1,1,0,0,1,1,1,1,1,0,1,4712,0,144,32,28,28,25088,784,28,1,10,1823.968
1,0,0,144,32,28,28,25088,784,28,1,0,0,96,32,5,5,2,2,1,1,1,1,1,0,1,4712,0,144,96,28,28,75264,784,28,1,10,14908.896
1,0,0,144,256,28,28,200704,784,28,1,0,0,64,256,1,1,0,0,1,1,1,1,1,0,1,4712,0,144,64,28,28,50176,784,28,1,10,2998.080
1,0,0,144,480,14,14,94080,196,14,1,0,0,192,480,1,1,0,0,1,1,1,1,1,0,1,1184,0,144,192,14,14,37632,196,14,1,10,4116.928
1,0,0,144,480,14,14,94080,196,14,1,0,0,96,480,1,1,0,0,1,1,1,1,1,0,1,1184,0,144,96,14,14,18816,196,14,1,10,2808.992
1,0,0,144,96,14,14,18816,196,14,1,0,0,208,96,3,3,1,1,1,1,1,1,1,0,6,2095936,0,144,208,14,14,40768,196,14,1,10,7834.944
1,0,0,144,480,14,14,94080,196,14,1,0,0,16,480,1,1,0,0,1,1,1,1,1,0,1,1184,0,144,16,14,14,3136,196,14,1,10,881.344
1,0,0,144,16,14,14,3136,196,14,1,0,0,48,16,5,5,2,2,1,1,1,1,1,0,1,1184,0,144,48,14,14,9408,196,14,1,10,1203.840
1,0,0,144,480,14,14,94080,196,14,1,0,0,64,480,1,1,0,0,1,1,1,1,1,0,1,1184,0,144,64,14,14,12544,196,14,1,10,1494.976
1,0,0,144,512,14,14,100352,196,14,1,0,0,160,512,1,1,0,0,1,1,1,1,1,0,1,1184,0,144,160,14,14,31360,196,14,1,10,4270.880
1,0,0,144,512,14,14,100352,196,14,1,0,0,112,512,1,1,0,0,1,1,1,1,1,0,1,1184,0,144,112,14,14,21952,196,14,1,10,2951.808
1,0,0,144,112,14,14,21952,196,14,1,0,0,224,112,3,3,1,1,1,1,1,1,1,0,6,2509696,0,144,224,14,14,43904,196,14,1,10,8901.439
1,0,0,144,512,14,14,100352,196,14,1,0,0,24,512,1,1,0,0,1,1,1,1,1,0,1,1184,0,144,24,14,14,4704,196,14,1,10,896.800
1,0,0,144,24,14,14,4704,196,14,1,0,0,64,24,5,5,2,2,1,1,1,1,1,0,1,1184,0,144,64,14,14,12544,196,14,1,10,1743.456
1,0,0,144,512,14,14,100352,196,14,1,0,0,64,512,1,1,0,0,1,1,1,1,1,0,1,1184,0,144,64,14,14,12544,196,14,1,10,1562.592
1,0,0,144,512,14,14,100352,196,14,1,0,0,128,512,1,1,0,0,1,1,1,1,1,0,1,1184,0,144,128,14,14,25088,196,14,1,10,2962.432
1,0,0,144,128,14,14,25088,196,14,1,0,0,256,128,3,3,1,1,1,1,1,1,1,0,6,3277824,0,144,256,14,14,50176,196,14,1,10,11511.008
1,0,0,144,512,14,14,100352,196,14,1,0,0,144,512,1,1,0,0,1,1,1,1,1,0,1,1184,0,144,144,14,14,28224,196,14,1,10,4220.416
1,0,0,144,144,14,14,28224,196,14,1,0,0,288,144,3,3,1,1,1,1,1,1,1,0,6,4148352,0,144,288,14,14,56448,196,14,1,10,14053.664
1,0,0,144,512,14,14,100352,196,14,1,0,0,32,512,1,1,0,0,1,1,1,1,1,0,1,1184,0,144,32,14,14,6272,196,14,1,10,996.064
1,0,0,144,32,14,14,6272,196,14,1,0,0,64,32,5,5,2,2,1,1,1,1,1,0,1,1184,0,144,64,14,14,12544,196,14,1,10,2299.712
1,0,0,144,528,14,14,103488,196,14,1,0,0,256,528,1,1,0,0,1,1,1,1,1,0,1,1184,0,144,256,14,14,50176,196,14,1,10,5909.728
1,0,0,144,528,14,14,103488,196,14,1,0,0,160,528,1,1,0,0,1,1,1,1,1,0,1,1184,0,144,160,14,14,31360,196,14,1,10,4183.232
1,0,0,144,160,14,14,31360,196,14,1,0,0,320,160,3,3,1,1,1,1,1,1,1,0,6,5121280,0,144,320,14,14,62720,196,14,1,10,17298.400
1,0,0,144,528,14,14,103488,196,14,1,0,0,32,528,1,1,0,0,1,1,1,1,1,0,1,1184,0,144,32,14,14,6272,196,14,1,10,974.848
1,0,0,144,32,14,14,6272,196,14,1,0,0,128,32,5,5,2,2,1,1,1,1,1,0,1,1184,0,144,128,14,14,25088,196,14,1,10,4410.464
1,0,0,144,528,14,14,103488,196,14,1,0,0,128,528,1,1,0,0,1,1,1,1,1,0,1,1184,0,144,128,14,14,25088,196,14,1,10,3037.088
1,0,0,144,832,7,7,40768,49,7,1,0,0,256,832,1,1,0,0,1,1,1,1,1,0,1,300,0,144,256,7,7,12544,49,7,1,10,2504.768
1,0,0,144,832,7,7,40768,49,7,1,0,0,160,832,1,1,0,0,1,1,1,1,1,0,1,300,0,144,160,7,7,7840,49,7,1,10,1901.888
1,0,0,144,160,7,7,7840,49,7,1,0,0,320,160,3,3,1,1,1,1,1,1,1,0,1,300,0,144,320,7,7,15680,49,7,1,10,5203.872
1,0,0,144,832,7,7,40768,49,7,1,0,0,32,832,1,1,0,0,1,1,1,1,1,0,1,300,0,144,32,7,7,1568,49,7,1,10,537.984
1,0,0,144,32,7,7,1568,49,7,1,0,0,128,32,5,5,2,2,1,1,1,1,1,0,1,300,0,144,128,7,7,6272,49,7,1,10,1177.024
1,0,0,144,832,7,7,40768,49,7,1,0,0,128,832,1,1,0,0,1,1,1,1,1,0,1,300,0,144,128,7,7,6272,49,7,1,10,1313.152
1,0,0,144,832,7,7,40768,49,7,1,0,0,384,832,1,1,0,0,1,1,1,1,1,0,1,300,0,144,384,7,7,18816,49,7,1,10,3611.072
1,0,0,144,832,7,7,40768,49,7,1,0,0,192,832,1,1,0,0,1,1,1,1,1,0,1,300,0,144,192,7,7,9408,49,7,1,10,1911.456
1,0,0,144,192,7,7,9408,49,7,1,0,0,384,192,3,3,1,1,1,1,1,1,1,0,1,300,0,144,384,7,7,18816,49,7,1,10,7437.216
1,0,0,144,832,7,7,40768,49,7,1,0,0,48,832,1,1,0,0,1,1,1,1,1,0,1,300,0,144,48,7,7,2352,49,7,1,10,735.520
1,0,0,144,48,7,7,2352,49,7,1,0,0,128,48,5,5,2,2,1,1,1,1,1,0,1,300,0,144,128,7,7,6272,49,7,1,10,1737.888
1,0,0,27,3,224,224,150528,50176,224,1,0,0,64,3,3,3,1,1,1,1,1,1,1,0,1,301064,0,27,64,224,224,3211264,50176,224,1,10,6402.880
1,0,0,27,64,224,224,3211264,50176,224,1,0,0,64,64,3,3,1,1,1,1,1,1,1,0,6,409856,0,27,64,224,224,3211264,50176,224,1,10,63339.168
1,0,0,27,64,112,112,802816,12544,112,1,0,0,128,64,3,3,1,1,1,1,1,1,1,0,6,819712,0,27,128,112,112,1605632,12544,112,1,10,30775.744
1,0,0,27,128,112,112,1605632,12544,112,1,0,0,128,128,3,3,1,1,1,1,1,1,1,0,6,1638912,0,27,128,112,112,1605632,12544,112,1,10,54179.328
1,0,0,27,128,56,56,401408,3136,56,1,0,0,256,128,3,3,1,1,1,1,1,1,1,0,6,3277824,0,27,256,56,56,802816,3136,56,1,10,30854.240
1,0,0,27,256,56,56,802816,3136,56,1,0,0,256,256,3,3,1,1,1,1,1,1,1,0,6,6554624,0,27,256,56,56,802816,3136,56,1,10,57605.758
1,0,0,27,256,28,28,200704,784,28,1,0,0,512,256,3,3,1,1,1,1,1,1,1,0,6,13109248,0,27,512,28,28,401408,784,28,1,10,37040.641
1,0,0,27,512,28,28,401408,784,28,1,0,0,512,512,3,3,1,1,1,1,1,1,1,0,6,26216448,0,27,512,28,28,401408,784,28,1,10,73696.352
1,0,0,27,512,14,14,100352,196,14,1,0,0,512,512,3,3,1,1,1,1,1,1,1,0,6,26216448,0,27,512,14,14,100352,196,14,1,10,19532.674
